Symbol,Industry,1D Return %,1W Return %,1M Return %,3M Return %,6M Return %,Weighted Sharpe,weighted_avg,RS,Last_Updated,Chart_Link
360ONE,Financial Services,1.37,-4.49,-7.42,-5.84,5.48,-0.27,0.00895857536943101,63.0,2026-03-05 11:15:39,https://www.google.com/finance/quote/360ONE:NSE?window=6M
3MINDIA,Diversified,-0.41,-6.31,-2.53,-1.78,9.81,0.24,0.09916974152372468,75.0,2026-03-05 11:15:39,https://www.google.com/finance/quote/3MINDIA:NSE?window=6M
AADHARHFC,Financial Services,0.0,-0.91,-5.06,-6.53,-10.79,-0.7,-0.0034009616033680856,60.0,2026-03-05 11:15:39,https://www.google.com/finance/quote/AADHARHFC:NSE?window=6M
AARTIIND,Chemicals,2.27,-7.56,-1.83,14.0,10.13,0.52,0.06530391139052645,71.0,2026-03-05 11:15:39,https://www.google.com/finance/quote/AARTIIND:NSE?window=6M
AAVAS,Financial Services,-0.67,-4.74,-14.31,-16.39,-19.85,-2.08,-0.22518343624139334,11.0,2026-03-05 11:15:39,https://www.google.com/finance/quote/AAVAS:NSE?window=6M
ABB,Capital Goods,1.69,-3.87,4.6,16.1,15.17,0.89,0.11617320661210404,78.0,2026-03-05 11:15:39,https://www.google.com/finance/quote/ABB:NSE?window=6M
ABBOTINDIA,Healthcare,-0.75,4.56,2.73,-4.5,-15.02,-1.26,-0.08772229555825183,41.0,2026-03-05 11:15:39,https://www.google.com/finance/quote/ABBOTINDIA:NSE?window=6M
ABCAPITAL,Financial Services,1.88,-7.22,-5.17,-6.4,19.19,0.59,0.33737707533344186,94.0,2026-03-05 11:15:39,https://www.google.com/finance/quote/ABCAPITAL:NSE?window=6M
ABFRL,Consumer Services,0.3,-6.72,-2.22,-16.24,-22.85,-1.4,-0.21921605672740624,12.0,2026-03-05 11:15:39,https://www.google.com/finance/quote/ABFRL:NSE?window=6M
ABLBL,Consumer Services,4.18,-0.36,-7.93,-21.18,-26.19,-1.49,-0.13711092766484367,29.0,2026-03-05 11:15:39,https://www.google.com/finance/quote/ABLBL:NSE?window=6M
ABREL,Forest Materials,0.53,-2.3,-1.16,-30.23,-32.28,-2.58,-0.3396168166762144,3.0,2026-03-05 11:15:39,https://www.google.com/finance/quote/ABREL:NSE?window=6M
ABSLAMC,Financial Services,2.83,-2.08,10.18,23.43,8.02,1.51,0.22581335570028288,88.0,2026-03-05 11:15:39,https://www.google.com/finance/quote/ABSLAMC:NSE?window=6M
ACC,Construction Materials,-0.4,-6.18,-8.71,-17.18,-16.38,-2.96,-0.17316573405362104,22.0,2026-03-05 11:15:39,https://www.google.com/finance/quote/ACC:NSE?window=6M
ACE,Capital Goods,2.39,0.21,0.7,-10.26,-19.34,-1.33,-0.18802566695885187,19.0,2026-03-05 11:15:39,https://www.google.com/finance/quote/ACE:NSE?window=6M
ACMESOLAR,Power,2.97,-1.15,6.39,5.87,-19.49,0.01,0.0071077234481428594,62.0,2026-03-05 11:15:39,https://www.google.com/finance/quote/ACMESOLAR:NSE?window=6M
ADANIENSOL,Power,2.85,-2.48,1.39,1.8,29.47,0.67,0.191845229964568,85.0,2026-03-05 11:15:39,https://www.google.com/finance/quote/ADANIENSOL:NSE?window=6M
ADANIENT,Metals & Mining,0.61,-6.39,-5.15,-4.59,-5.24,-0.38,-0.05207772376683464,50.0,2026-03-05 11:15:39,https://www.google.com/finance/quote/ADANIENT:NSE?window=6M
ADANIGREEN,Power,1.45,-8.26,-5.1,-12.65,-5.28,-0.46,-0.0724679064974291,45.0,2026-03-05 11:15:39,https://www.google.com/finance/quote/ADANIGREEN:NSE?window=6M
ADANIPORTS,Services,4.52,-1.92,-2.06,0.11,12.21,0.37,0.11175361565346403,77.0,2026-03-05 11:15:39,https://www.google.com/finance/quote/ADANIPORTS:NSE?window=6M
ADANIPOWER,Power,1.66,-0.31,-2.44,-3.35,15.16,0.31,0.15563163623088905,81.0,2026-03-05 11:15:39,https://www.google.com/finance/quote/ADANIPOWER:NSE?window=6M
AEGISLOG,Oil Gas & Consumable Fuels,2.52,-8.77,-5.33,-13.3,-4.03,-0.98,-0.1157020346848738,33.0,2026-03-05 11:15:39,https://www.google.com/finance/quote/AEGISLOG:NSE?window=6M
AEGISVOPAK,Oil Gas & Consumable Fuels,-5.15,-19.89,-15.54,-29.88,-22.42,-1.49,-0.2164510900261718,13.0,2026-03-05 11:15:39,https://www.google.com/finance/quote/AEGISVOPAK:NSE?window=6M
AFCONS,Construction,1.95,-7.47,-15.79,-29.31,-33.15,-4.13,-0.32171938388515714,5.0,2026-03-05 11:15:39,https://www.google.com/finance/quote/AFCONS:NSE?window=6M
AFFLE,Information Technology,-3.16,-1.03,-17.41,-16.67,-28.49,-1.75,-0.1915836937767326,18.0,2026-03-05 11:15:39,https://www.google.com/finance/quote/AFFLE:NSE?window=6M
AGARWALEYE,Healthcare,2.31,-1.41,-0.19,-12.6,2.62,-0.69,0.0388133534687222,67.0,2026-03-05 11:15:39,https://www.google.com/finance/quote/AGARWALEYE:NSE?window=6M
AIAENG,Capital Goods,-0.2,-7.58,-10.5,-7.18,16.11,-0.12,0.038192120503460145,67.0,2026-03-05 11:15:39,https://www.google.com/finance/quote/AIAENG:NSE?window=6M
AIIL,Financial Services,1.98,-11.1,-16.83,-15.81,-31.13,-0.85,-0.05694892820775635,49.0,2026-03-05 11:15:39,https://www.google.com/finance/quote/AIIL:NSE?window=6M
AJANTPHARM,Healthcare,2.01,-1.53,3.3,14.38,19.96,1.34,0.16007738369048,81.0,2026-03-05 11:15:39,https://www.google.com/finance/quote/AJANTPHARM:NSE?window=6M
AKUMS,Healthcare,3.38,0.91,7.52,14.77,2.18,0.59,0.03168814152341744,65.0,2026-03-05 11:15:39,https://www.google.com/finance/quote/AKUMS:NSE?window=6M
AKZOINDIA,Consumer Durables,-2.04,-8.27,-0.61,-19.67,-17.13,-1.58,-0.1720196638045492,23.0,2026-03-05 11:15:39,https://www.google.com/finance/quote/AKZOINDIA:NSE?window=6M
ALKEM,Healthcare,1.37,-1.48,-2.82,-1.89,5.62,0.1,0.06836956537332153,72.0,2026-03-05 11:15:39,https://www.google.com/finance/quote/ALKEM:NSE?window=6M
ALKYLAMINE,Chemicals,-0.06,-6.01,-13.46,-15.53,-32.05,-2.19,-0.21022364227518647,14.0,2026-03-05 11:15:39,https://www.google.com/finance/quote/ALKYLAMINE:NSE?window=6M
ALOKINDS,Textiles,1.8,-6.48,-15.67,-17.72,-25.74,-1.87,-0.21292539962835866,14.0,2026-03-05 11:15:39,https://www.google.com/finance/quote/ALOKINDS:NSE?window=6M
AMBER,Consumer Durables,2.2,-2.72,26.35,11.37,2.36,0.77,0.15735368317873852,81.0,2026-03-05 11:15:39,https://www.google.com/finance/quote/AMBER:NSE?window=6M
AMBUJACEM,Construction Materials,0.81,-6.08,-9.13,-10.34,-15.38,-1.3,-0.09374968235720539,40.0,2026-03-05 11:15:39,https://www.google.com/finance/quote/AMBUJACEM:NSE?window=6M
ANANDRATHI,Financial Services,1.89,4.65,8.34,9.7,8.89,1.59,0.29964014194729754,93.0,2026-03-05 11:15:39,https://www.google.com/finance/quote/ANANDRATHI:NSE?window=6M
ANANTRAJ,Realty,0.51,-8.51,-13.19,-11.12,-8.62,-0.59,-0.09922403808173155,39.0,2026-03-05 11:15:39,https://www.google.com/finance/quote/ANANTRAJ:NSE?window=6M
ANGELONE,Financial Services,1.32,-9.76,-13.18,-15.86,-1.3,-0.79,-0.11830609119496018,32.0,2026-03-05 11:15:39,https://www.google.com/finance/quote/ANGELONE:NSE?window=6M
APARINDS,Capital Goods,4.04,-1.44,6.84,19.59,32.4,1.24,0.3338392144812633,94.0,2026-03-05 11:15:39,https://www.google.com/finance/quote/APARINDS:NSE?window=6M
APLAPOLLO,Capital Goods,1.96,-3.11,1.11,23.35,30.69,2.26,0.28801854068269495,92.0,2026-03-05 11:15:39,https://www.google.com/finance/quote/APLAPOLLO:NSE?window=6M
APLLTD,Healthcare,1.32,-4.38,-10.63,-22.21,-25.05,-3.46,-0.21370543416020615,13.0,2026-03-05 11:15:39,https://www.google.com/finance/quote/APLLTD:NSE?window=6M
APOLLOHOSP,Healthcare,1.42,-0.1,9.68,8.23,1.21,0.82,0.11233085480436494,78.0,2026-03-05 11:15:39,https://www.google.com/finance/quote/APOLLOHOSP:NSE?window=6M
APOLLOTYRE,Automobile and Auto Components,3.03,-4.08,-11.99,-16.97,-8.91,-1.46,-0.07204178756342866,45.0,2026-03-05 11:15:39,https://www.google.com/finance/quote/APOLLOTYRE:NSE?window=6M
APTUS,Financial Services,0.04,-7.6,-18.8,-17.2,-29.51,-2.02,-0.22882977916740058,11.0,2026-03-05 11:15:39,https://www.google.com/finance/quote/APTUS:NSE?window=6M
ARE&M,Automobile and Auto Components,0.52,-5.08,-3.74,-14.87,-20.96,-2.15,-0.1873626941398381,19.0,2026-03-05 11:15:39,https://www.google.com/finance/quote/ARE&M:NSE?window=6M
ASAHIINDIA,Automobile and Auto Components,-1.94,-9.43,-15.03,-19.15,-0.01,-0.69,0.003088607100174147,61.0,2026-03-05 11:15:39,https://www.google.com/finance/quote/ASAHIINDIA:NSE?window=6M
ASHOKLEY,Capital Goods,1.29,-4.05,1.59,24.79,55.72,2.73,0.5119432091881715,98.0,2026-03-05 11:15:39,https://www.google.com/finance/quote/ASHOKLEY:NSE?window=6M
ASIANPAINT,Consumer Durables,0.11,-5.32,-5.7,-22.54,-9.93,-2.03,-0.10150153229671996,38.0,2026-03-05 11:15:39,https://www.google.com/finance/quote/ASIANPAINT:NSE?window=6M
ASTERDM,Healthcare,0.95,2.0,19.89,0.0,3.7,0.42,0.16365925323486746,82.0,2026-03-05 11:15:39,https://www.google.com/finance/quote/ASTERDM:NSE?window=6M
ASTRAL,Capital Goods,0.98,-1.19,10.62,17.98,17.29,1.31,0.16829551541931842,83.0,2026-03-05 11:15:39,https://www.google.com/finance/quote/ASTRAL:NSE?window=6M
ASTRAZEN,Healthcare,-0.94,-2.81,-1.03,-5.17,-3.43,-0.74,0.0062713450455063255,62.0,2026-03-05 11:15:39,https://www.google.com/finance/quote/ASTRAZEN:NSE?window=6M
ATGL,Oil Gas & Consumable Fuels,0.55,-6.15,-10.86,-18.53,-18.86,-1.83,-0.20243043081955733,16.0,2026-03-05 11:15:39,https://www.google.com/finance/quote/ATGL:NSE?window=6M
ATHERENERG,Automobile and Auto Components,-2.38,-3.11,1.24,0.29,37.77,0.76,0.31173966697861333,93.0,2026-03-05 11:15:39,https://www.google.com/finance/quote/ATHERENERG:NSE?window=6M
ATUL,Chemicals,0.18,-0.31,3.96,12.93,2.32,0.65,0.08712902058622947,74.0,2026-03-05 11:15:39,https://www.google.com/finance/quote/ATUL:NSE?window=6M
AUBANK,Financial Services,2.89,-0.88,-0.9,2.61,37.43,1.22,0.3239945188832645,94.0,2026-03-05 11:15:39,https://www.google.com/finance/quote/AUBANK:NSE?window=6M
AUROPHARMA,Healthcare,2.52,1.16,-0.05,1.37,19.89,0.4,0.08627928084950245,74.0,2026-03-05 11:15:39,https://www.google.com/finance/quote/AUROPHARMA:NSE?window=6M
AWL,Fast Moving Consumer Goods,-0.48,-6.23,-16.87,-27.76,-30.52,-4.23,-0.3006543718412961,5.0,2026-03-05 11:15:39,https://www.google.com/finance/quote/AWL:NSE?window=6M
AXISBANK,Financial Services,-0.16,-3.84,-0.52,6.17,27.73,1.12,0.1758997866041423,84.0,2026-03-05 11:15:39,https://www.google.com/finance/quote/AXISBANK:NSE?window=6M
BAJAJ-AUTO,Automobile and Auto Components,1.57,-2.9,2.18,8.93,8.57,0.96,0.11481418657763678,78.0,2026-03-05 11:15:39,https://www.google.com/finance/quote/BAJAJ-AUTO:NSE?window=6M
BAJAJFINSV,Financial Services,1.19,-6.71,-5.01,-6.56,-2.25,-0.87,-0.03487410666009723,54.0,2026-03-05 11:15:39,https://www.google.com/finance/quote/BAJAJFINSV:NSE?window=6M
BAJAJHFL,Financial Services,0.58,-3.59,-7.07,-12.73,-25.29,-3.14,-0.2146661270584399,13.0,2026-03-05 11:15:39,https://www.google.com/finance/quote/BAJAJHFL:NSE?window=6M
BAJAJHLDNG,Financial Services,0.17,-4.45,-2.25,-4.93,-15.46,-1.07,-0.10517908283608915,37.0,2026-03-05 11:15:39,https://www.google.com/finance/quote/BAJAJHLDNG:NSE?window=6M
BAJFINANCE,Financial Services,1.83,-5.74,-0.21,-5.78,8.12,-0.23,0.03425251007209451,66.0,2026-03-05 11:15:39,https://www.google.com/finance/quote/BAJFINANCE:NSE?window=6M
BALKRISIND,Automobile and Auto Components,2.3,-8.28,-10.24,-3.62,-2.2,-0.48,-0.05799881867887751,48.0,2026-03-05 11:15:39,https://www.google.com/finance/quote/BALKRISIND:NSE?window=6M
BALRAMCHIN,Fast Moving Consumer Goods,-0.21,5.09,12.16,10.28,-13.44,0.1,-0.0033741008919963636,60.0,2026-03-05 11:15:39,https://www.google.com/finance/quote/BALRAMCHIN:NSE?window=6M
BANDHANBNK,Financial Services,4.3,1.18,19.37,26.06,14.19,1.52,0.2236999708230331,88.0,2026-03-05 11:15:39,https://www.google.com/finance/quote/BANDHANBNK:NSE?window=6M
BANKBARODA,Financial Services,0.85,-4.43,5.76,5.17,27.54,1.04,0.2085920977370546,87.0,2026-03-05 11:15:39,https://www.google.com/finance/quote/BANKBARODA:NSE?window=6M
BANKINDIA,Financial Services,0.48,-6.49,3.9,17.02,45.39,1.71,0.357213000016425,96.0,2026-03-05 11:15:39,https://www.google.com/finance/quote/BANKINDIA:NSE?window=6M
BASF,Chemicals,-1.09,-2.06,-8.13,-15.4,-25.95,-2.24,-0.22416217898394586,12.0,2026-03-05 11:15:39,https://www.google.com/finance/quote/BASF:NSE?window=6M
BATAINDIA,Consumer Durables,1.46,-6.81,-14.26,-23.97,-35.79,-3.75,-0.33598645987587034,4.0,2026-03-05 11:15:39,https://www.google.com/finance/quote/BATAINDIA:NSE?window=6M
BAYERCROP,Chemicals,-0.85,-4.53,1.94,0.15,-13.24,-0.83,-0.07449985069843268,44.0,2026-03-05 11:15:39,https://www.google.com/finance/quote/BAYERCROP:NSE?window=6M
BBTC,Fast Moving Consumer Goods,3.68,-7.75,-7.48,-13.56,-10.78,-1.29,-0.1328034984824522,30.0,2026-03-05 11:15:39,https://www.google.com/finance/quote/BBTC:NSE?window=6M
BDL,Capital Goods,0.89,3.21,-2.85,-13.65,-12.95,-0.93,-0.10074416866997074,38.0,2026-03-05 11:15:39,https://www.google.com/finance/quote/BDL:NSE?window=6M
BEL,Capital Goods,2.94,4.71,4.8,13.88,22.15,1.45,0.29659974780528436,92.0,2026-03-05 11:15:39,https://www.google.com/finance/quote/BEL:NSE?window=6M
BEML,Capital Goods,1.6,-5.22,-6.34,-8.15,-20.07,-0.61,-0.07362770851105241,44.0,2026-03-05 11:15:39,https://www.google.com/finance/quote/BEML:NSE?window=6M
BERGEPAINT,Consumer Durables,-0.9,-4.66,-9.43,-21.94,-20.04,-3.09,-0.19841163000758308,17.0,2026-03-05 11:15:39,https://www.google.com/finance/quote/BERGEPAINT:NSE?window=6M
BHARATFORG,Automobile and Auto Components,3.07,-0.19,23.35,34.95,67.32,3.0,0.5365814685415835,98.0,2026-03-05 11:15:39,https://www.google.com/finance/quote/BHARATFORG:NSE?window=6M
BHARTIARTL,Telecommunication,0.06,-0.33,-4.52,-8.58,1.05,-0.93,0.007273161261773402,63.0,2026-03-05 11:15:39,https://www.google.com/finance/quote/BHARTIARTL:NSE?window=6M
BHARTIHEXA,Telecommunication,2.02,-2.86,-1.69,-8.34,-9.23,-0.74,-0.02316805876644079,55.0,2026-03-05 11:15:39,https://www.google.com/finance/quote/BHARTIHEXA:NSE?window=6M
BHEL,Capital Goods,3.77,-1.79,-3.98,-7.65,19.61,0.06,0.07641225537951071,73.0,2026-03-05 11:15:39,https://www.google.com/finance/quote/BHEL:NSE?window=6M
BIKAJI,Fast Moving Consumer Goods,-0.07,0.85,-5.16,-9.72,-20.17,-1.62,-0.11713667434616147,33.0,2026-03-05 11:15:39,https://www.google.com/finance/quote/BIKAJI:NSE?window=6M
BIOCON,Healthcare,2.23,-2.29,3.89,-5.66,8.62,-0.18,0.0648737683081603,70.0,2026-03-05 11:15:39,https://www.google.com/finance/quote/BIOCON:NSE?window=6M
BLS,Consumer Services,0.64,-10.85,0.52,-20.52,-29.95,-1.55,-0.2729458382047699,7.0,2026-03-05 11:15:39,https://www.google.com/finance/quote/BLS:NSE?window=6M
BLUEDART,Services,-0.27,-3.02,-4.03,-3.14,-5.26,-0.67,-0.07601589454059945,43.0,2026-03-05 11:15:39,https://www.google.com/finance/quote/BLUEDART:NSE?window=6M
BLUEJET,Healthcare,2.98,-3.03,-7.99,-32.0,-43.35,-2.4,-0.43010443194079595,1.0,2026-03-05 11:15:39,https://www.google.com/finance/quote/BLUEJET:NSE?window=6M
BLUESTARCO,Consumer Durables,5.59,0.23,7.09,11.07,0.33,0.74,0.1044010578423536,76.0,2026-03-05 11:15:39,https://www.google.com/finance/quote/BLUESTARCO:NSE?window=6M
BOSCHLTD,Automobile and Auto Components,-0.48,-9.13,-11.95,-9.21,-19.57,-0.79,-0.019352014505284496,56.0,2026-03-05 11:15:39,https://www.google.com/finance/quote/BOSCHLTD:NSE?window=6M
BPCL,Oil Gas & Consumable Fuels,1.11,-5.43,-3.51,0.54,14.41,0.56,0.15375630819600783,80.0,2026-03-05 11:15:39,https://www.google.com/finance/quote/BPCL:NSE?window=6M
BRIGADE,Realty,2.29,-6.08,-14.21,-23.93,-27.53,-2.73,-0.3043863189235939,5.0,2026-03-05 11:15:39,https://www.google.com/finance/quote/BRIGADE:NSE?window=6M
BRITANNIA,Fast Moving Consumer Goods,1.25,-3.17,1.38,2.11,1.21,0.24,0.07331129239744585,72.0,2026-03-05 11:15:39,https://www.google.com/finance/quote/BRITANNIA:NSE?window=6M
BSE,Financial Services,5.12,-0.41,-3.47,0.37,25.85,0.46,0.15407847830968713,81.0,2026-03-05 11:15:39,https://www.google.com/finance/quote/BSE:NSE?window=6M
BSOFT,Information Technology,-1.29,1.83,-15.4,-10.46,0.44,-0.54,-0.08537909513670626,42.0,2026-03-05 11:15:39,https://www.google.com/finance/quote/BSOFT:NSE?window=6M
CAMPUS,Consumer Durables,-2.46,-8.97,-11.33,-11.8,-10.03,-1.38,-0.12957321364699803,31.0,2026-03-05 11:15:39,https://www.google.com/finance/quote/CAMPUS:NSE?window=6M
CAMS,Financial Services,3.56,-8.6,-10.45,-15.49,-14.21,-1.46,-0.1398365647819342,29.0,2026-03-05 11:15:39,https://www.google.com/finance/quote/CAMS:NSE?window=6M
CANBK,Financial Services,1.08,-6.56,0.79,1.66,39.89,1.13,0.29204275072339037,92.0,2026-03-05 11:15:39,https://www.google.com/finance/quote/CANBK:NSE?window=6M
CANFINHOME,Financial Services,2.49,-6.29,-10.4,-6.49,10.24,-0.01,0.09533870368306016,75.0,2026-03-05 11:15:39,https://www.google.com/finance/quote/CANFINHOME:NSE?window=6M
CAPLIPOINT,Healthcare,0.16,-4.27,-11.47,-12.43,-22.29,-1.51,-0.17377347626888434,22.0,2026-03-05 11:15:39,https://www.google.com/finance/quote/CAPLIPOINT:NSE?window=6M
CARBORUNIV,Capital Goods,1.8,-2.44,2.42,-9.02,-13.43,-0.96,-0.10812015744000872,35.0,2026-03-05 11:15:39,https://www.google.com/finance/quote/CARBORUNIV:NSE?window=6M
CASTROLIND,Oil Gas & Consumable Fuels,0.71,-0.19,0.91,-2.88,-6.99,-1.26,-0.08236762956356197,42.0,2026-03-05 11:15:39,https://www.google.com/finance/quote/CASTROLIND:NSE?window=6M
CCL,Fast Moving Consumer Goods,1.98,-0.67,4.86,2.95,11.42,0.63,0.21426009827909645,87.0,2026-03-05 11:15:39,https://www.google.com/finance/quote/CCL:NSE?window=6M
CDSL,Financial Services,2.5,-6.57,-7.7,-20.05,-17.85,-1.62,-0.16444046674975088,24.0,2026-03-05 11:15:39,https://www.google.com/finance/quote/CDSL:NSE?window=6M
CEATLTD,Automobile and Auto Components,3.98,-9.0,-12.07,-14.32,1.08,-0.64,-0.015773305363316288,57.0,2026-03-05 11:15:39,https://www.google.com/finance/quote/CEATLTD:NSE?window=6M
CENTRALBK,Financial Services,1.78,-6.26,2.97,1.21,6.67,-0.17,-0.030784009615254473,54.0,2026-03-05 11:15:39,https://www.google.com/finance/quote/CENTRALBK:NSE?window=6M
CENTURYPLY,Consumer Durables,0.76,-6.3,-15.91,-13.37,-9.25,-1.06,-0.10685829128592339,36.0,2026-03-05 11:15:39,https://www.google.com/finance/quote/CENTURYPLY:NSE?window=6M
CERA,Consumer Durables,-0.6,-3.59,-7.63,-13.33,-24.92,-2.25,-0.1816089343814078,20.0,2026-03-05 11:15:39,https://www.google.com/finance/quote/CERA:NSE?window=6M
CESC,Power,2.11,-2.82,5.49,-11.3,-0.81,-0.72,-0.020686591064676497,56.0,2026-03-05 11:15:39,https://www.google.com/finance/quote/CESC:NSE?window=6M
CGCL,Financial Services,3.2,-7.65,-7.9,-16.51,-16.75,-1.31,-0.10438323868797372,37.0,2026-03-05 11:15:39,https://www.google.com/finance/quote/CGCL:NSE?window=6M
CGPOWER,Capital Goods,2.37,-1.72,5.98,5.56,-5.21,0.24,0.05279153929546912,69.0,2026-03-05 11:15:39,https://www.google.com/finance/quote/CGPOWER:NSE?window=6M
CHALET,Consumer Services,1.22,-7.58,-14.45,-15.91,-23.69,-1.72,-0.12984661401251743,30.0,2026-03-05 11:15:39,https://www.google.com/finance/quote/CHALET:NSE?window=6M
CHAMBLFERT,Chemicals,0.48,-5.59,0.6,-0.24,-22.49,-1.03,-0.13812924807538876,29.0,2026-03-05 11:15:39,https://www.google.com/finance/quote/CHAMBLFERT:NSE?window=6M
CHENNPETRO,Oil Gas & Consumable Fuels,-0.84,8.14,17.91,5.3,41.72,1.09,0.4124374559806552,97.0,2026-03-05 11:15:39,https://www.google.com/finance/quote/CHENNPETRO:NSE?window=6M
CHOICEIN,Financial Services,0.77,-8.94,-12.22,-12.19,-12.6,-0.67,0.003377509959889849,62.0,2026-03-05 11:15:39,https://www.google.com/finance/quote/CHOICEIN:NSE?window=6M
CHOLAFIN,Financial Services,0.93,-4.87,-1.5,0.01,16.6,0.32,0.09037746931594094,74.0,2026-03-05 11:15:39,https://www.google.com/finance/quote/CHOLAFIN:NSE?window=6M
CHOLAHLDNG,Financial Services,0.61,-2.87,-5.4,-13.43,-7.38,-0.97,-0.08915873775251645,41.0,2026-03-05 11:15:39,https://www.google.com/finance/quote/CHOLAHLDNG:NSE?window=6M
CIPLA,Healthcare,1.01,-1.46,0.27,-12.04,-15.47,-1.99,-0.11776219814893162,33.0,2026-03-05 11:15:39,https://www.google.com/finance/quote/CIPLA:NSE?window=6M
CLEAN,Chemicals,4.16,7.27,-5.99,-13.7,-33.75,-2.62,-0.2980052878330844,5.0,2026-03-05 11:15:39,https://www.google.com/finance/quote/CLEAN:NSE?window=6M
COALINDIA,Oil Gas & Consumable Fuels,3.27,2.46,4.66,19.76,18.23,1.47,0.19316600230311184,86.0,2026-03-05 11:15:39,https://www.google.com/finance/quote/COALINDIA:NSE?window=6M
COCHINSHIP,Capital Goods,3.55,-2.66,-4.04,-10.77,-16.75,-0.98,-0.11238584073064604,35.0,2026-03-05 11:15:39,https://www.google.com/finance/quote/COCHINSHIP:NSE?window=6M
COFORGE,Information Technology,-1.48,-4.96,-32.67,-39.73,-34.3,-3.36,-0.34089243594871516,3.0,2026-03-05 11:15:39,https://www.google.com/finance/quote/COFORGE:NSE?window=6M
COHANCE,Healthcare,-2.11,-6.01,-23.33,-46.32,-67.91,-5.48,-0.6152786245997168,1.0,2026-03-05 11:15:39,https://www.google.com/finance/quote/COHANCE:NSE?window=6M
COLPAL,Fast Moving Consumer Goods,0.77,-3.07,2.89,4.7,-8.83,-0.37,-0.04641184472832476,51.0,2026-03-05 11:15:39,https://www.google.com/finance/quote/COLPAL:NSE?window=6M
CONCOR,Services,3.84,-4.14,-9.08,-5.24,-11.9,-1.26,-0.11458961718613012,34.0,2026-03-05 11:15:39,https://www.google.com/finance/quote/CONCOR:NSE?window=6M
CONCORDBIO,Healthcare,0.21,-2.21,3.4,-14.33,-28.72,-1.21,-0.23572551494261695,9.0,2026-03-05 11:15:39,https://www.google.com/finance/quote/CONCORDBIO:NSE?window=6M
COROMANDEL,Chemicals,-2.14,-10.71,-9.98,-10.98,-10.5,-0.88,-0.0423947363818269,52.0,2026-03-05 11:15:39,https://www.google.com/finance/quote/COROMANDEL:NSE?window=6M
CRAFTSMAN,Automobile and Auto Components,1.95,-2.94,-1.9,7.27,8.6,0.96,0.2916791299147252,92.0,2026-03-05 11:15:39,https://www.google.com/finance/quote/CRAFTSMAN:NSE?window=6M
CREDITACC,Financial Services,-1.2,-7.31,-8.37,-9.24,-13.01,-0.28,0.02451789430885374,65.0,2026-03-05 11:15:39,https://www.google.com/finance/quote/CREDITACC:NSE?window=6M
CRISIL,Financial Services,0.35,-4.6,-10.2,-2.76,-14.28,-0.67,-0.0791814872535645,43.0,2026-03-05 11:15:39,https://www.google.com/finance/quote/CRISIL:NSE?window=6M
CROMPTON,Consumer Durables,1.94,-5.01,7.48,-2.84,-25.05,-1.39,-0.16731750624826455,23.0,2026-03-05 11:15:39,https://www.google.com/finance/quote/CROMPTON:NSE?window=6M
CUB,Financial Services,2.72,-7.52,-10.17,-2.15,33.58,0.76,0.2844335689015244,91.0,2026-03-05 11:15:39,https://www.google.com/finance/quote/CUB:NSE?window=6M
CUMMINSIND,Capital Goods,4.51,-2.58,15.02,6.14,25.22,1.37,0.30746870633092227,93.0,2026-03-05 11:15:39,https://www.google.com/finance/quote/CUMMINSIND:NSE?window=6M
CYIENT,Information Technology,0.4,-4.94,-23.39,-24.97,-26.37,-2.77,-0.28643122818529476,6.0,2026-03-05 11:15:39,https://www.google.com/finance/quote/CYIENT:NSE?window=6M
DABUR,Fast Moving Consumer Goods,0.1,-5.93,-2.52,-3.58,-10.41,-0.85,-0.0432267385153466,51.0,2026-03-05 11:15:39,https://www.google.com/finance/quote/DABUR:NSE?window=6M
DALBHARAT,Construction Materials,1.97,-6.32,-8.41,-2.55,-19.53,-0.67,-0.038039954997878406,52.0,2026-03-05 11:15:39,https://www.google.com/finance/quote/DALBHARAT:NSE?window=6M
DATAPATTNS,Capital Goods,7.45,9.4,28.87,15.87,31.97,1.12,0.3719024559174099,96.0,2026-03-05 11:15:39,https://www.google.com/finance/quote/DATAPATTNS:NSE?window=6M
DBREALTY,Consumer Services,1.27,-7.4,-5.92,-18.14,-39.22,-1.34,-0.284955026453129,7.0,2026-03-05 11:15:39,https://www.google.com/finance/quote/DBREALTY:NSE?window=6M
DCMSHRIRAM,Diversified,-2.34,-6.87,-15.16,-18.91,-20.21,-1.74,-0.12303040271545002,32.0,2026-03-05 11:15:39,https://www.google.com/finance/quote/DCMSHRIRAM:NSE?window=6M
DEEPAKFERT,Chemicals,0.84,-3.9,-6.72,-27.44,-34.35,-2.24,-0.2762455067934983,7.0,2026-03-05 11:15:39,https://www.google.com/finance/quote/DEEPAKFERT:NSE?window=6M
DEEPAKNTR,Chemicals,3.16,-2.9,-7.32,0.87,-12.67,-0.81,-0.11005389208929373,35.0,2026-03-05 11:15:39,https://www.google.com/finance/quote/DEEPAKNTR:NSE?window=6M
DELHIVERY,Services,2.84,-2.52,-3.32,6.62,-9.22,0.59,0.16713964121625588,83.0,2026-03-05 11:15:39,https://www.google.com/finance/quote/DELHIVERY:NSE?window=6M
DEVYANI,Consumer Services,-0.88,-10.59,1.37,-14.09,-32.74,-1.6,-0.24909914549469325,9.0,2026-03-05 11:15:39,https://www.google.com/finance/quote/DEVYANI:NSE?window=6M
DIVISLAB,Healthcare,0.77,-0.48,2.5,-1.48,3.99,-0.16,0.019277232542800206,64.0,2026-03-05 11:15:39,https://www.google.com/finance/quote/DIVISLAB:NSE?window=6M
DIXON,Consumer Durables,0.87,-1.58,-7.32,-27.07,-41.75,-2.33,-0.30579612713099624,5.0,2026-03-05 11:15:39,https://www.google.com/finance/quote/DIXON:NSE?window=6M
DLF,Realty,2.83,-4.26,-10.03,-17.35,-22.48,-1.92,-0.19071679476120929,18.0,2026-03-05 11:15:39,https://www.google.com/finance/quote/DLF:NSE?window=6M
DMART,Consumer Services,1.98,-1.36,1.56,-1.9,-18.05,-0.73,-0.037279069064371735,53.0,2026-03-05 11:15:39,https://www.google.com/finance/quote/DMART:NSE?window=6M
DOMS,Fast Moving Consumer Goods,-2.53,-9.87,-11.52,-17.85,-13.59,-1.74,-0.15620575211392992,25.0,2026-03-05 11:15:39,https://www.google.com/finance/quote/DOMS:NSE?window=6M
DRREDDY,Healthcare,1.73,0.54,6.32,2.56,4.77,0.26,0.06308947235533875,70.0,2026-03-05 11:15:39,https://www.google.com/finance/quote/DRREDDY:NSE?window=6M
ECLERX,Services,-3.84,-6.1,-37.4,-36.95,-31.71,-2.06,-0.23053062472631927,11.0,2026-03-05 11:15:39,https://www.google.com/finance/quote/ECLERX:NSE?window=6M
EICHERMOT,Automobile and Auto Components,1.68,-3.16,7.48,9.51,22.15,1.65,0.28285727998966764,91.0,2026-03-05 11:15:39,https://www.google.com/finance/quote/EICHERMOT:NSE?window=6M
EIDPARRY,Fast Moving Consumer Goods,-2.33,-3.77,-7.7,-19.47,-24.46,-1.87,-0.11323376128610765,34.0,2026-03-05 11:15:39,https://www.google.com/finance/quote/EIDPARRY:NSE?window=6M
EIHOTEL,Consumer Services,4.55,2.48,-1.81,-13.82,-18.01,-1.56,-0.11214792704259259,35.0,2026-03-05 11:15:39,https://www.google.com/finance/quote/EIHOTEL:NSE?window=6M
ELECON,Capital Goods,1.91,-5.49,-10.55,-17.07,-28.45,-1.12,-0.23069227124262215,11.0,2026-03-05 11:15:39,https://www.google.com/finance/quote/ELECON:NSE?window=6M
ELGIEQUIP,Capital Goods,4.19,-4.87,5.29,2.51,4.79,0.19,0.03951836141557379,67.0,2026-03-05 11:15:39,https://www.google.com/finance/quote/ELGIEQUIP:NSE?window=6M
EMAMILTD,Fast Moving Consumer Goods,2.58,-1.51,-2.32,-9.4,-20.79,-1.73,-0.14336463113142925,28.0,2026-03-05 11:15:39,https://www.google.com/finance/quote/EMAMILTD:NSE?window=6M
EMCURE,Healthcare,-1.02,1.48,-3.6,4.27,6.37,0.53,0.14342375267303453,80.0,2026-03-05 11:15:39,https://www.google.com/finance/quote/EMCURE:NSE?window=6M
ENDURANCE,Automobile and Auto Components,0.16,-6.23,0.04,-5.98,-13.82,-0.37,0.03247162814020399,66.0,2026-03-05 11:15:39,https://www.google.com/finance/quote/ENDURANCE:NSE?window=6M
ENGINERSIN,Construction,1.13,-6.8,18.36,3.26,0.7,0.18,0.04000957987502869,68.0,2026-03-05 11:15:39,https://www.google.com/finance/quote/ENGINERSIN:NSE?window=6M
ENRIN,Capital Goods,-2.65,-4.47,13.21,-9.1,-18.77,-0.64,-0.07392013986744633,44.0,2026-03-05 11:15:39,https://www.google.com/finance/quote/ENRIN:NSE?window=6M
ERIS,Healthcare,0.88,-0.74,-4.94,-12.52,-22.64,-1.07,-0.10287401714705412,37.0,2026-03-05 11:15:39,https://www.google.com/finance/quote/ERIS:NSE?window=6M
ESCORTS,Capital Goods,2.05,-7.48,-7.43,-12.28,-8.69,-0.83,-0.036804420420825344,53.0,2026-03-05 11:15:39,https://www.google.com/finance/quote/ESCORTS:NSE?window=6M
ETERNAL,Consumer Services,-0.25,-4.02,-14.17,-19.35,-25.51,-1.24,-0.11350879057926995,34.0,2026-03-05 11:15:39,https://www.google.com/finance/quote/ETERNAL:NSE?window=6M
EXIDEIND,Automobile and Auto Components,1.82,-5.25,-2.55,-14.22,-23.2,-2.1,-0.16204554104201574,24.0,2026-03-05 11:15:39,https://www.google.com/finance/quote/EXIDEIND:NSE?window=6M
FACT,Chemicals,1.46,-10.21,-14.77,-19.48,-31.32,-1.91,-0.22034731854107883,12.0,2026-03-05 11:15:39,https://www.google.com/finance/quote/FACT:NSE?window=6M
FEDERALBNK,Financial Services,1.13,-3.14,1.47,12.18,49.67,1.94,0.34647089362834815,95.0,2026-03-05 11:15:39,https://www.google.com/finance/quote/FEDERALBNK:NSE?window=6M
FINCABLES,Capital Goods,3.22,11.06,24.23,23.88,6.83,0.94,0.10487827589464664,76.0,2026-03-05 11:15:39,https://www.google.com/finance/quote/FINCABLES:NSE?window=6M
FINPIPE,Capital Goods,3.55,1.1,5.41,8.09,-14.2,-0.04,-0.014741433700202844,57.0,2026-03-05 11:15:39,https://www.google.com/finance/quote/FINPIPE:NSE?window=6M
FIRSTCRY,Consumer Services,-1.15,2.26,-20.28,-28.42,-40.36,-2.32,-0.3678878294298639,3.0,2026-03-05 11:15:39,https://www.google.com/finance/quote/FIRSTCRY:NSE?window=6M
FIVESTAR,Financial Services,2.15,-4.29,-9.07,-28.84,-22.56,-2.59,-0.3262594802574098,4.0,2026-03-05 11:15:39,https://www.google.com/finance/quote/FIVESTAR:NSE?window=6M
FLUOROCHEM,Chemicals,-1.96,-6.33,0.34,-2.69,-4.02,-0.44,-0.06083645848768342,48.0,2026-03-05 11:15:39,https://www.google.com/finance/quote/FLUOROCHEM:NSE?window=6M
FORCEMOT,Automobile and Auto Components,1.42,-13.88,8.73,23.73,11.58,1.61,0.7178820703019806,99.0,2026-03-05 11:15:39,https://www.google.com/finance/quote/FORCEMOT:NSE?window=6M
FORTIS,Healthcare,1.1,-1.05,6.7,2.53,-0.95,0.55,0.1634214490363487,82.0,2026-03-05 11:15:39,https://www.google.com/finance/quote/FORTIS:NSE?window=6M
FSL,Services,2.93,2.04,-27.97,-35.91,-39.17,-3.27,-0.3787901550808136,2.0,2026-03-05 11:15:39,https://www.google.com/finance/quote/FSL:NSE?window=6M
GAIL,Oil Gas & Consumable Fuels,1.37,-7.81,-3.73,-7.95,-12.58,-1.18,-0.09862667978404083,39.0,2026-03-05 11:15:39,https://www.google.com/finance/quote/GAIL:NSE?window=6M
GESHIP,Services,2.57,3.16,13.21,25.74,44.64,2.61,0.39144802268482026,97.0,2026-03-05 11:15:39,https://www.google.com/finance/quote/GESHIP:NSE?window=6M
GICRE,Financial Services,1.65,-5.67,-0.42,-4.48,-0.53,-0.7,-0.0476005163880948,51.0,2026-03-05 11:15:39,https://www.google.com/finance/quote/GICRE:NSE?window=6M
GILLETTE,Fast Moving Consumer Goods,2.52,-2.7,-7.54,-1.78,-19.56,-0.71,-0.07763375741508104,43.0,2026-03-05 11:15:39,https://www.google.com/finance/quote/GILLETTE:NSE?window=6M
GLAND,Healthcare,-0.12,-7.69,-9.99,-3.65,-8.6,-0.37,-0.0034242669278273363,60.0,2026-03-05 11:15:39,https://www.google.com/finance/quote/GLAND:NSE?window=6M
GLAXO,Healthcare,-0.27,-6.53,1.81,-1.58,-9.92,-0.67,-0.0798199588596756,43.0,2026-03-05 11:15:39,https://www.google.com/finance/quote/GLAXO:NSE?window=6M
GLENMARK,Healthcare,3.39,1.15,7.92,7.27,9.91,1.09,0.2479133840957,89.0,2026-03-05 11:15:39,https://www.google.com/finance/quote/GLENMARK:NSE?window=6M
GMDCLTD,Metals & Mining,2.7,-3.52,-7.67,4.52,23.79,0.9,0.3886039819339152,96.0,2026-03-05 11:15:39,https://www.google.com/finance/quote/GMDCLTD:NSE?window=6M
GMRAIRPORT,Services,2.92,-4.19,2.9,-7.0,12.57,0.13,0.1076433408698072,77.0,2026-03-05 11:15:39,https://www.google.com/finance/quote/GMRAIRPORT:NSE?window=6M
GODFRYPHLP,Fast Moving Consumer Goods,1.82,-2.89,2.84,-27.08,-39.37,-1.01,-0.2259672595627304,11.0,2026-03-05 11:15:39,https://www.google.com/finance/quote/GODFRYPHLP:NSE?window=6M
GODIGIT,Financial Services,0.05,-5.43,-0.77,-6.64,-8.29,-0.88,-0.03514527215066847,53.0,2026-03-05 11:15:39,https://www.google.com/finance/quote/GODIGIT:NSE?window=6M
GODREJAGRO,Fast Moving Consumer Goods,0.53,-3.28,9.99,2.05,-19.29,-0.61,-0.11634463088716017,33.0,2026-03-05 11:15:39,https://www.google.com/finance/quote/GODREJAGRO:NSE?window=6M
GODREJCP,Fast Moving Consumer Goods,-0.45,-8.49,-1.22,1.04,-11.79,-0.44,-0.022297372814501726,55.0,2026-03-05 11:15:39,https://www.google.com/finance/quote/GODREJCP:NSE?window=6M
GODREJIND,Diversified,-0.56,-9.92,-7.29,-10.29,-22.37,-1.37,-0.16165218641587778,24.0,2026-03-05 11:15:39,https://www.google.com/finance/quote/GODREJIND:NSE?window=6M
GODREJPROP,Realty,2.96,-3.0,2.61,-15.67,-11.85,-1.1,-0.15818686413428182,25.0,2026-03-05 11:15:39,https://www.google.com/finance/quote/GODREJPROP:NSE?window=6M
GPIL,Capital Goods,0.59,-8.21,-1.53,4.44,3.45,0.61,0.1810044158583698,85.0,2026-03-05 11:15:39,https://www.google.com/finance/quote/GPIL:NSE?window=6M
GRANULES,Healthcare,3.42,-4.44,0.26,0.88,12.9,0.29,0.0719315051345984,72.0,2026-03-05 11:15:39,https://www.google.com/finance/quote/GRANULES:NSE?window=6M
GRAPHITE,Capital Goods,1.97,-4.82,9.55,25.53,31.96,1.51,0.3540758356425988,95.0,2026-03-05 11:15:39,https://www.google.com/finance/quote/GRAPHITE:NSE?window=6M
GRASIM,Construction Materials,1.52,-5.36,-3.02,0.14,-2.0,-0.06,0.03898859784336322,67.0,2026-03-05 11:15:39,https://www.google.com/finance/quote/GRASIM:NSE?window=6M
GRAVITA,Metals & Mining,0.18,-3.62,-7.31,-14.08,-9.01,-1.13,-0.12751099315511957,31.0,2026-03-05 11:15:39,https://www.google.com/finance/quote/GRAVITA:NSE?window=6M
GRSE,Capital Goods,4.09,-0.59,-5.38,-5.9,-5.3,-0.14,0.08069528179575203,73.0,2026-03-05 11:15:39,https://www.google.com/finance/quote/GRSE:NSE?window=6M
GSPL,Oil Gas & Consumable Fuels,0.21,-4.59,-3.57,-3.73,-2.52,-0.63,-0.03770914280626872,52.0,2026-03-05 11:15:39,https://www.google.com/finance/quote/GSPL:NSE?window=6M
GUJGASLTD,Oil Gas & Consumable Fuels,-4.9,-2.17,-5.33,-3.81,-9.13,-0.71,-0.061781206635620825,47.0,2026-03-05 11:15:39,https://www.google.com/finance/quote/GUJGASLTD:NSE?window=6M
GVT&D,Capital Goods,3.85,0.23,10.65,31.87,38.92,2.12,0.6655034126034287,99.0,2026-03-05 11:15:39,https://www.google.com/finance/quote/GVT&D:NSE?window=6M
HAL,Capital Goods,0.39,-2.34,-12.94,-12.27,-12.57,-1.14,-0.08146186668578789,42.0,2026-03-05 11:15:39,https://www.google.com/finance/quote/HAL:NSE?window=6M
HAPPSTMNDS,Information Technology,-0.26,-5.3,-18.69,-31.49,-40.29,-4.16,-0.3968873668962653,2.0,2026-03-05 11:15:39,https://www.google.com/finance/quote/HAPPSTMNDS:NSE?window=6M
HAVELLS,Consumer Durables,2.56,-4.59,2.62,-4.79,-14.55,-1.07,-0.09346518844163208,40.0,2026-03-05 11:15:39,https://www.google.com/finance/quote/HAVELLS:NSE?window=6M
HBLENGINE,Capital Goods,2.72,-6.36,-16.32,-21.39,-22.34,-0.76,-0.02025152575593961,56.0,2026-03-05 11:15:39,https://www.google.com/finance/quote/HBLENGINE:NSE?window=6M
HCLTECH,Information Technology,-0.73,-1.75,-20.13,-17.46,-7.61,-1.94,-0.15342633036529787,26.0,2026-03-05 11:15:39,https://www.google.com/finance/quote/HCLTECH:NSE?window=6M
HDFCAMC,Financial Services,0.46,-6.74,-4.2,-1.43,-7.46,-0.01,0.06492251299286916,71.0,2026-03-05 11:15:39,https://www.google.com/finance/quote/HDFCAMC:NSE?window=6M
HDFCBANK,Financial Services,1.05,-3.29,-7.48,-12.27,-7.07,-2.28,-0.0720874789885699,45.0,2026-03-05 11:15:39,https://www.google.com/finance/quote/HDFCBANK:NSE?window=6M
HDFCLIFE,Financial Services,-0.04,-6.93,-4.98,-9.0,-12.58,-1.45,-0.06058432048443917,48.0,2026-03-05 11:15:39,https://www.google.com/finance/quote/HDFCLIFE:NSE?window=6M
HEG,Capital Goods,-0.19,-6.34,0.3,3.52,13.36,0.54,0.16693951464980936,82.0,2026-03-05 11:15:39,https://www.google.com/finance/quote/HEG:NSE?window=6M
HEROMOTOCO,Automobile and Auto Components,1.61,-2.6,-3.03,-10.03,5.21,-0.16,0.12782758720075982,79.0,2026-03-05 11:15:39,https://www.google.com/finance/quote/HEROMOTOCO:NSE?window=6M
HEXT,Information Technology,1.39,-1.1,-36.34,-39.06,-38.64,-2.98,-0.4074830089510017,2.0,2026-03-05 11:15:39,https://www.google.com/finance/quote/HEXT:NSE?window=6M
HFCL,Telecommunication,5.38,-0.24,2.28,1.86,-0.28,-0.18,-0.07045729663551156,46.0,2026-03-05 11:15:39,https://www.google.com/finance/quote/HFCL:NSE?window=6M
HINDALCO,Metals & Mining,3.6,1.87,-0.04,16.99,32.46,1.81,0.3433763227426152,95.0,2026-03-05 11:15:39,https://www.google.com/finance/quote/HINDALCO:NSE?window=6M
HINDCOPPER,Metals & Mining,2.05,-4.77,-9.23,64.5,134.65,2.46,1.08976488668111,99.0,2026-03-05 11:15:39,https://www.google.com/finance/quote/HINDCOPPER:NSE?window=6M
HINDPETRO,Oil Gas & Consumable Fuels,4.22,-4.19,-7.17,-7.17,8.79,-0.07,0.0671355493452761,71.0,2026-03-05 11:15:39,https://www.google.com/finance/quote/HINDPETRO:NSE?window=6M
HINDUNILVR,Fast Moving Consumer Goods,-0.28,-5.05,-4.8,-7.88,-15.76,-1.3,-0.07171718057158419,45.0,2026-03-05 11:15:39,https://www.google.com/finance/quote/HINDUNILVR:NSE?window=6M
HINDZINC,Metals & Mining,0.74,-3.78,-5.19,18.09,35.1,1.21,0.2892275477204875,92.0,2026-03-05 11:15:39,https://www.google.com/finance/quote/HINDZINC:NSE?window=6M
HOMEFIRST,Financial Services,-2.93,-16.42,-10.3,-4.45,-16.35,-0.36,-0.052172890192120194,50.0,2026-03-05 11:15:39,https://www.google.com/finance/quote/HOMEFIRST:NSE?window=6M
HONASA,Fast Moving Consumer Goods,3.79,-1.86,7.68,6.24,0.52,0.36,0.08573171618564718,73.0,2026-03-05 11:15:39,https://www.google.com/finance/quote/HONASA:NSE?window=6M
HONAUT,Capital Goods,-0.6,-4.76,-11.5,-14.32,-20.49,-2.32,-0.16538480398766958,23.0,2026-03-05 11:15:39,https://www.google.com/finance/quote/HONAUT:NSE?window=6M
HSCL,Chemicals,3.43,-5.3,-0.9,1.76,-0.93,0.01,0.009386695629901,63.0,2026-03-05 11:15:39,https://www.google.com/finance/quote/HSCL:NSE?window=6M
HUDCO,Financial Services,1.2,-6.4,-6.92,-20.91,-17.59,-1.71,-0.1744210673549735,22.0,2026-03-05 11:15:39,https://www.google.com/finance/quote/HUDCO:NSE?window=6M
HYUNDAI,Automobile and Auto Components,2.69,-3.27,-3.37,-10.51,-13.13,-0.76,-0.00032459458276493103,60.0,2026-03-05 11:15:39,https://www.google.com/finance/quote/HYUNDAI:NSE?window=6M
ICICIBANK,Financial Services,-0.57,-3.06,-2.31,-2.44,-2.63,-0.62,-0.004361384757531183,59.0,2026-03-05 11:15:39,https://www.google.com/finance/quote/ICICIBANK:NSE?window=6M
ICICIGI,Financial Services,1.06,-3.31,0.74,-4.88,2.88,-0.56,0.009969799640400012,63.0,2026-03-05 11:15:39,https://www.google.com/finance/quote/ICICIGI:NSE?window=6M
ICICIPRULI,Financial Services,0.27,-6.11,-4.12,2.52,2.75,0.07,0.03284306543811912,66.0,2026-03-05 11:15:39,https://www.google.com/finance/quote/ICICIPRULI:NSE?window=6M
IDBI,Financial Services,0.05,-2.89,7.81,12.89,23.6,1.02,0.22937390847132388,88.0,2026-03-05 11:15:39,https://www.google.com/finance/quote/IDBI:NSE?window=6M
IDEA,Telecommunication,2.3,-4.75,-10.43,-3.13,56.99,0.66,0.26179396226522134,90.0,2026-03-05 11:15:39,https://www.google.com/finance/quote/IDEA:NSE?window=6M
IDFCFIRSTB,Financial Services,0.49,0.26,-17.03,-12.63,1.31,-0.4,0.0017125197565127925,61.0,2026-03-05 11:15:39,https://www.google.com/finance/quote/IDFCFIRSTB:NSE?window=6M
IEX,Financial Services,2.56,-4.77,-3.67,-18.31,-13.85,-1.41,-0.23368940995038728,10.0,2026-03-05 11:15:39,https://www.google.com/finance/quote/IEX:NSE?window=6M
IFCI,Financial Services,1.21,-6.6,-3.93,8.43,2.65,0.31,0.04795992524415065,68.0,2026-03-05 11:15:39,https://www.google.com/finance/quote/IFCI:NSE?window=6M
IGIL,Services,2.21,-0.47,-1.02,0.93,-3.81,-0.23,-0.07131257421809381,46.0,2026-03-05 11:15:39,https://www.google.com/finance/quote/IGIL:NSE?window=6M
IGL,Oil Gas & Consumable Fuels,1.73,-5.19,-7.43,-16.89,-26.16,-2.11,-0.2023179837484415,16.0,2026-03-05 11:15:39,https://www.google.com/finance/quote/IGL:NSE?window=6M
IIFL,Financial Services,2.39,-3.45,-3.46,-14.45,12.14,-0.06,0.11222476608633786,77.0,2026-03-05 11:15:39,https://www.google.com/finance/quote/IIFL:NSE?window=6M
IKS,Information Technology,-1.89,-8.84,-20.27,-21.69,-12.75,-1.69,-0.20424693234763117,15.0,2026-03-05 11:15:39,https://www.google.com/finance/quote/IKS:NSE?window=6M
INDGN,Healthcare,-1.7,-6.01,-7.27,-11.39,-15.09,-1.6,-0.1452110419974487,28.0,2026-03-05 11:15:39,https://www.google.com/finance/quote/INDGN:NSE?window=6M
INDHOTEL,Consumer Services,-0.64,-6.95,-7.6,-14.28,-17.75,-2.03,-0.1533231959706111,26.0,2026-03-05 11:15:39,https://www.google.com/finance/quote/INDHOTEL:NSE?window=6M
INDIACEM,Construction Materials,1.09,-6.76,-14.51,4.82,2.29,0.53,0.16219905636606408,82.0,2026-03-05 11:15:39,https://www.google.com/finance/quote/INDIACEM:NSE?window=6M
INDIAMART,Consumer Services,-0.04,-5.21,-8.27,-10.89,-18.37,-1.2,-0.09620821543010365,39.0,2026-03-05 11:15:39,https://www.google.com/finance/quote/INDIAMART:NSE?window=6M
INDIANB,Financial Services,1.36,-3.24,9.38,17.1,43.3,1.93,0.42063922406223203,97.0,2026-03-05 11:15:39,https://www.google.com/finance/quote/INDIANB:NSE?window=6M
INDIGO,Services,2.73,-8.78,-8.76,-19.35,-20.35,-1.57,-0.1465813099136058,27.0,2026-03-05 11:15:39,https://www.google.com/finance/quote/INDIGO:NSE?window=6M
INDUSINDBK,Financial Services,1.04,-0.02,1.6,10.66,24.76,1.06,0.10745452809863971,76.0,2026-03-05 11:15:39,https://www.google.com/finance/quote/INDUSINDBK:NSE?window=6M
INDUSTOWER,Telecommunication,2.06,-2.18,2.93,11.55,37.02,1.41,0.22954969148143844,88.0,2026-03-05 11:15:39,https://www.google.com/finance/quote/INDUSTOWER:NSE?window=6M
INFY,Information Technology,-0.12,1.22,-21.15,-17.29,-12.87,-1.83,-0.17789310969315547,21.0,2026-03-05 11:15:39,https://www.google.com/finance/quote/INFY:NSE?window=6M
INOXINDIA,Capital Goods,2.57,1.55,2.53,0.52,0.97,0.02,0.05087837492352425,69.0,2026-03-05 11:15:39,https://www.google.com/finance/quote/INOXINDIA:NSE?window=6M
INOXWIND,Capital Goods,0.55,-9.3,-18.7,-33.66,-39.78,-3.62,-0.4138098279705176,2.0,2026-03-05 11:15:39,https://www.google.com/finance/quote/INOXWIND:NSE?window=6M
INTELLECT,Information Technology,-1.73,-4.31,-19.36,-40.01,-33.22,-3.12,-0.32921472903669724,4.0,2026-03-05 11:15:39,https://www.google.com/finance/quote/INTELLECT:NSE?window=6M
IOB,Financial Services,1.05,-5.37,-0.4,-9.49,-13.65,-1.27,-0.1454611302841547,27.0,2026-03-05 11:15:39,https://www.google.com/finance/quote/IOB:NSE?window=6M
IOC,Oil Gas & Consumable Fuels,0.65,-6.28,2.36,4.53,22.86,0.99,0.19623702542005478,86.0,2026-03-05 11:15:39,https://www.google.com/finance/quote/IOC:NSE?window=6M
IPCALAB,Healthcare,1.73,-1.55,4.57,4.81,9.75,0.4,0.06492092195857838,71.0,2026-03-05 11:15:39,https://www.google.com/finance/quote/IPCALAB:NSE?window=6M
IRB,Construction,1.36,-1.8,-3.03,-6.07,-5.7,-1.04,-0.1036616610514878,37.0,2026-03-05 11:15:39,https://www.google.com/finance/quote/IRB:NSE?window=6M
IRCON,Construction,2.34,-8.93,-13.6,-13.86,-23.79,-1.23,-0.19140195211026031,18.0,2026-03-05 11:15:39,https://www.google.com/finance/quote/IRCON:NSE?window=6M
IRCTC,Consumer Services,1.54,-7.25,-8.49,-16.69,-21.07,-2.48,-0.20499958191398138,15.0,2026-03-05 11:15:39,https://www.google.com/finance/quote/IRCTC:NSE?window=6M
IREDA,Financial Services,1.88,-7.84,-10.72,-15.49,-19.77,-1.9,-0.23428783943088205,10.0,2026-03-05 11:15:39,https://www.google.com/finance/quote/IREDA:NSE?window=6M
IRFC,Financial Services,1.14,-5.46,-14.13,-13.83,-19.63,-1.52,-0.19376527937484217,18.0,2026-03-05 11:15:39,https://www.google.com/finance/quote/IRFC:NSE?window=6M
ITC,Fast Moving Consumer Goods,-0.14,-2.58,-1.63,-22.22,-23.42,-2.79,-0.2324210038003113,10.0,2026-03-05 11:15:39,https://www.google.com/finance/quote/ITC:NSE?window=6M
ITCHOTELS,Consumer Services,1.47,-6.8,-10.59,-19.89,-32.88,-2.3,-0.1837933463860189,19.0,2026-03-05 11:15:39,https://www.google.com/finance/quote/ITCHOTELS:NSE?window=6M
ITI,Telecommunication,1.34,-5.21,-11.27,-15.85,-14.97,-1.53,-0.1508344023775069,26.0,2026-03-05 11:15:39,https://www.google.com/finance/quote/ITI:NSE?window=6M
J&KBANK,Financial Services,4.05,7.69,17.25,16.12,17.78,1.17,0.18055341925012466,84.0,2026-03-05 11:15:39,https://www.google.com/finance/quote/J&KBANK:NSE?window=6M
JBCHEPHARM,Healthcare,1.12,-0.54,9.44,17.65,20.95,1.84,0.2184067908537855,88.0,2026-03-05 11:15:39,https://www.google.com/finance/quote/JBCHEPHARM:NSE?window=6M
JBMA,Automobile and Auto Components,1.22,-7.59,-9.81,-14.97,-15.9,-1.01,-0.17012322128262647,23.0,2026-03-05 11:15:39,https://www.google.com/finance/quote/JBMA:NSE?window=6M
JINDALSAW,Capital Goods,-0.2,-10.31,-10.24,2.3,-17.76,-0.39,-0.12562120041453886,31.0,2026-03-05 11:15:39,https://www.google.com/finance/quote/JINDALSAW:NSE?window=6M
JINDALSTEL,Metals & Mining,1.34,-6.51,2.98,16.32,21.42,1.47,0.23469461810135972,89.0,2026-03-05 11:15:39,https://www.google.com/finance/quote/JINDALSTEL:NSE?window=6M
JIOFIN,Financial Services,0.75,-5.39,-7.88,-19.24,-22.02,-1.88,-0.1348991753158452,30.0,2026-03-05 11:15:39,https://www.google.com/finance/quote/JIOFIN:NSE?window=6M
JKCEMENT,Construction Materials,-0.23,-2.58,-1.84,-3.36,-21.15,-0.42,-0.01391217654929651,57.0,2026-03-05 11:15:39,https://www.google.com/finance/quote/JKCEMENT:NSE?window=6M
JKTYRE,Automobile and Auto Components,0.26,-17.72,-17.48,-5.09,25.26,0.43,0.18028991783465848,84.0,2026-03-05 11:15:39,https://www.google.com/finance/quote/JKTYRE:NSE?window=6M
JMFINANCIL,Financial Services,2.4,-6.24,-1.61,-16.02,-31.65,-0.93,-0.081701107085793,42.0,2026-03-05 11:15:39,https://www.google.com/finance/quote/JMFINANCIL:NSE?window=6M
JPPOWER,Power,-0.57,-5.52,-10.17,-28.36,-24.54,-1.73,-0.1836895593232298,20.0,2026-03-05 11:15:39,https://www.google.com/finance/quote/JPPOWER:NSE?window=6M
JSL,Metals & Mining,1.85,-4.29,-4.99,2.75,1.01,0.37,0.10122599201142779,76.0,2026-03-05 11:15:39,https://www.google.com/finance/quote/JSL:NSE?window=6M
JSWCEMENT,Construction Materials,4.27,-0.38,9.02,15.2,-19.05,0.39,0.0226977850409998,65.0,2026-03-05 11:15:39,https://www.google.com/finance/quote/JSWCEMENT:NSE?window=6M
JSWENERGY,Power,2.45,-2.15,4.43,1.98,-6.22,-0.1,-0.0071187948642766,58.0,2026-03-05 11:15:39,https://www.google.com/finance/quote/JSWENERGY:NSE?window=6M
JSWINFRA,Services,5.98,2.99,-0.85,-3.22,-13.63,-0.64,-0.053684112476389614,49.0,2026-03-05 11:15:39,https://www.google.com/finance/quote/JSWINFRA:NSE?window=6M
JSWSTEEL,Metals & Mining,2.89,-2.11,1.52,9.14,19.55,1.21,0.19234670538351706,86.0,2026-03-05 11:15:39,https://www.google.com/finance/quote/JSWSTEEL:NSE?window=6M
JUBLFOOD,Consumer Services,0.2,-3.37,-1.18,-15.05,-21.26,-2.21,-0.20318278714219,15.0,2026-03-05 11:15:39,https://www.google.com/finance/quote/JUBLFOOD:NSE?window=6M
JUBLINGREA,Chemicals,1.65,-4.75,-15.19,-19.62,-22.74,-1.41,-0.2006054324620824,16.0,2026-03-05 11:15:39,https://www.google.com/finance/quote/JUBLINGREA:NSE?window=6M
JUBLPHARMA,Healthcare,1.28,-5.83,-14.54,-21.6,-18.67,-1.91,-0.1998007119900973,16.0,2026-03-05 11:15:39,https://www.google.com/finance/quote/JUBLPHARMA:NSE?window=6M
JWL,Capital Goods,2.39,-8.18,-17.66,-8.36,-22.83,-0.72,-0.18313859285735812,20.0,2026-03-05 11:15:39,https://www.google.com/finance/quote/JWL:NSE?window=6M
JYOTHYLAB,Fast Moving Consumer Goods,0.77,-3.65,2.63,-14.27,-25.78,-2.54,-0.2122900928008521,14.0,2026-03-05 11:15:39,https://www.google.com/finance/quote/JYOTHYLAB:NSE?window=6M
JYOTICNC,Capital Goods,-0.37,-5.42,-3.94,-17.99,-11.4,-1.3,-0.18510687584707208,19.0,2026-03-05 11:15:39,https://www.google.com/finance/quote/JYOTICNC:NSE?window=6M
KAJARIACER,Consumer Durables,0.65,-0.9,3.18,-11.66,-21.97,-1.24,-0.09181569809014233,40.0,2026-03-05 11:15:39,https://www.google.com/finance/quote/KAJARIACER:NSE?window=6M
KALYANKJIL,Consumer Durables,1.52,-1.45,4.13,-18.41,-21.41,-1.19,-0.2055398138091155,15.0,2026-03-05 11:15:39,https://www.google.com/finance/quote/KALYANKJIL:NSE?window=6M
KARURVYSYA,Financial Services,2.18,-5.97,3.97,27.06,50.83,2.28,0.49518529606450185,98.0,2026-03-05 11:15:39,https://www.google.com/finance/quote/KARURVYSYA:NSE?window=6M
KAYNES,Capital Goods,3.08,-2.4,7.44,-28.12,-41.97,-1.37,-0.28606990906779844,6.0,2026-03-05 11:15:39,https://www.google.com/finance/quote/KAYNES:NSE?window=6M
KEC,Construction,1.41,-6.95,-10.58,-23.59,-36.15,-2.38,-0.2923985473531394,6.0,2026-03-05 11:15:39,https://www.google.com/finance/quote/KEC:NSE?window=6M
KEI,Capital Goods,-1.17,-0.48,12.67,18.65,24.15,1.5,0.2603798066244013,90.0,2026-03-05 11:15:39,https://www.google.com/finance/quote/KEI:NSE?window=6M
KFINTECH,Financial Services,2.05,-7.13,-9.96,-13.39,-12.21,-1.18,-0.10665279763531592,36.0,2026-03-05 11:15:39,https://www.google.com/finance/quote/KFINTECH:NSE?window=6M
KIMS,Healthcare,-0.25,-3.04,14.19,-0.33,-4.4,0.11,0.07178545271233035,72.0,2026-03-05 11:15:39,https://www.google.com/finance/quote/KIMS:NSE?window=6M
KIRLOSBROS,Capital Goods,0.53,-4.94,-6.29,-8.48,-25.3,-0.96,-0.1342230856684345,30.0,2026-03-05 11:15:39,https://www.google.com/finance/quote/KIRLOSBROS:NSE?window=6M
KIRLOSENG,Capital Goods,3.64,4.27,24.3,35.27,60.19,2.42,0.6859869050306822,99.0,2026-03-05 11:15:39,https://www.google.com/finance/quote/KIRLOSENG:NSE?window=6M
KOTAKBANK,Financial Services,0.98,-4.15,-2.04,-5.11,4.84,-0.58,-0.004491805757740066,59.0,2026-03-05 11:15:39,https://www.google.com/finance/quote/KOTAKBANK:NSE?window=6M
KPIL,Construction,0.69,-6.89,0.27,-4.7,-7.62,-0.34,0.007863222260873326,63.0,2026-03-05 11:15:39,https://www.google.com/finance/quote/KPIL:NSE?window=6M
KPITTECH,Information Technology,-2.53,-9.03,-27.51,-43.0,-40.51,-3.92,-0.4327571255837582,1.0,2026-03-05 11:15:39,https://www.google.com/finance/quote/KPITTECH:NSE?window=6M
KPRMILL,Textiles,-1.88,-9.22,-15.3,-16.76,-15.99,-0.95,-0.14278177057386068,28.0,2026-03-05 11:15:39,https://www.google.com/finance/quote/KPRMILL:NSE?window=6M
KSB,Capital Goods,1.65,4.74,4.6,-0.19,-9.79,-0.19,0.002148693256929013,61.0,2026-03-05 11:15:39,https://www.google.com/finance/quote/KSB:NSE?window=6M
KWIL,Fast Moving Consumer Goods,-0.59,4.7,,,,0.0,0.0,61.0,2026-03-05 11:15:39,https://www.google.com/finance/quote/KWIL:NSE?window=6M
LALPATHLAB,Healthcare,-1.49,-6.02,-4.74,-10.51,-17.03,-1.21,-0.06414578041717055,47.0,2026-03-05 11:15:39,https://www.google.com/finance/quote/LALPATHLAB:NSE?window=6M
LATENTVIEW,Information Technology,-0.92,-8.13,-33.66,-31.78,-24.55,-1.92,-0.2654155720261391,8.0,2026-03-05 11:15:39,https://www.google.com/finance/quote/LATENTVIEW:NSE?window=6M
LAURUSLABS,Healthcare,1.48,-2.83,7.21,2.89,21.6,1.25,0.3726018700421228,96.0,2026-03-05 11:15:39,https://www.google.com/finance/quote/LAURUSLABS:NSE?window=6M
LEMONTREE,Consumer Services,0.68,-1.83,-15.1,-31.08,-32.09,-2.79,-0.24930979336772505,8.0,2026-03-05 11:15:39,https://www.google.com/finance/quote/LEMONTREE:NSE?window=6M
LICHSGFIN,Financial Services,0.66,-4.68,2.4,-5.1,-6.3,-0.91,-0.06151781733646549,47.0,2026-03-05 11:15:39,https://www.google.com/finance/quote/LICHSGFIN:NSE?window=6M
LICI,Financial Services,0.59,-4.79,-0.64,-4.04,-3.61,-0.65,-0.028511475498467227,54.0,2026-03-05 11:15:39,https://www.google.com/finance/quote/LICI:NSE?window=6M
LINDEINDIA,Chemicals,1.58,0.84,12.72,17.26,6.07,0.84,0.07629995309647954,73.0,2026-03-05 11:15:39,https://www.google.com/finance/quote/LINDEINDIA:NSE?window=6M
LLOYDSME,Metals & Mining,3.41,-3.69,3.16,0.37,-8.53,-0.16,-0.03382779313091622,54.0,2026-03-05 11:15:39,https://www.google.com/finance/quote/LLOYDSME:NSE?window=6M
LODHA,Realty,0.37,-10.39,-11.21,-17.0,-23.3,-1.73,-0.23477808140456477,10.0,2026-03-05 11:15:39,https://www.google.com/finance/quote/LODHA:NSE?window=6M
LT,Construction,4.02,-6.04,-0.0,1.27,12.97,0.46,0.10303932804564174,76.0,2026-03-05 11:15:39,https://www.google.com/finance/quote/LT:NSE?window=6M
LTF,Financial Services,1.64,-9.18,-3.23,-9.02,24.14,0.58,0.342520722890178,94.0,2026-03-05 11:15:39,https://www.google.com/finance/quote/LTF:NSE?window=6M
LTFOODS,Fast Moving Consumer Goods,17.03,5.3,4.43,6.99,-1.5,0.33,0.058673169916299256,69.0,2026-03-05 11:15:39,https://www.google.com/finance/quote/LTFOODS:NSE?window=6M
LTTS,Information Technology,-0.59,0.66,-13.4,-26.93,-21.62,-2.14,-0.258861202289461,8.0,2026-03-05 11:15:39,https://www.google.com/finance/quote/LTTS:NSE?window=6M
LUPIN,Healthcare,1.21,1.78,6.72,12.15,23.45,1.69,0.17997381139838764,84.0,2026-03-05 11:15:39,https://www.google.com/finance/quote/LUPIN:NSE?window=6M
M&M,Automobile and Auto Components,2.56,-4.1,-5.1,-8.26,3.51,-0.49,0.03482545679151672,66.0,2026-03-05 11:15:39,https://www.google.com/finance/quote/M&M:NSE?window=6M
M&MFIN,Financial Services,0.7,-3.57,0.63,2.6,39.91,0.94,0.24321829015080132,89.0,2026-03-05 11:15:39,https://www.google.com/finance/quote/M&MFIN:NSE?window=6M
MAHABANK,Financial Services,4.34,-3.63,12.0,26.04,36.08,1.87,0.32154183392839103,93.0,2026-03-05 11:15:39,https://www.google.com/finance/quote/MAHABANK:NSE?window=6M
MAHSCOOTER,Financial Services,2.27,0.2,-0.52,-7.95,-16.23,-0.58,0.011931148247996945,64.0,2026-03-05 11:15:39,https://www.google.com/finance/quote/MAHSCOOTER:NSE?window=6M
MAHSEAMLES,Capital Goods,0.29,1.4,5.18,-1.37,-15.81,-0.89,-0.10516627958042882,37.0,2026-03-05 11:15:39,https://www.google.com/finance/quote/MAHSEAMLES:NSE?window=6M
MANAPPURAM,Financial Services,-0.72,-9.88,-8.22,-3.08,-4.88,0.04,0.0641861079546846,70.0,2026-03-05 11:15:39,https://www.google.com/finance/quote/MANAPPURAM:NSE?window=6M
MANKIND,Healthcare,0.87,3.28,2.95,0.94,-12.46,-0.41,-0.04174064892709422,52.0,2026-03-05 11:15:39,https://www.google.com/finance/quote/MANKIND:NSE?window=6M
MANYAVAR,Consumer Services,2.83,-4.49,-21.42,-36.89,-48.65,-4.92,-0.45420214072164233,1.0,2026-03-05 11:15:39,https://www.google.com/finance/quote/MANYAVAR:NSE?window=6M
MAPMYINDIA,Information Technology,-0.43,-4.05,-22.34,-41.43,-39.09,-4.24,-0.41926325126063724,1.0,2026-03-05 11:15:39,https://www.google.com/finance/quote/MAPMYINDIA:NSE?window=6M
MARICO,Fast Moving Consumer Goods,0.91,-3.41,6.28,9.6,4.98,1.01,0.12025293224419648,79.0,2026-03-05 11:15:39,https://www.google.com/finance/quote/MARICO:NSE?window=6M
MARUTI,Automobile and Auto Components,1.82,-4.35,-2.48,-10.37,-2.88,-0.74,0.021575131825041866,64.0,2026-03-05 11:15:39,https://www.google.com/finance/quote/MARUTI:NSE?window=6M
MAXHEALTH,Healthcare,0.43,-2.75,5.45,-2.56,-8.92,-0.51,-0.035343429194508016,53.0,2026-03-05 11:15:39,https://www.google.com/finance/quote/MAXHEALTH:NSE?window=6M
MAZDOCK,Capital Goods,8.64,5.13,-4.0,-10.11,-13.86,-0.93,-0.10975103679618833,35.0,2026-03-05 11:15:39,https://www.google.com/finance/quote/MAZDOCK:NSE?window=6M
MCX,Financial Services,3.03,4.26,4.91,25.94,66.99,2.15,0.675943721931678,99.0,2026-03-05 11:15:39,https://www.google.com/finance/quote/MCX:NSE?window=6M
MEDANTA,Healthcare,0.18,-3.75,-0.13,-8.31,-20.04,-0.99,-0.10717598705854833,36.0,2026-03-05 11:15:39,https://www.google.com/finance/quote/MEDANTA:NSE?window=6M
METROPOLIS,Healthcare,-2.83,-4.9,-5.79,-7.06,-17.57,-0.69,-0.03730565678416568,53.0,2026-03-05 11:15:39,https://www.google.com/finance/quote/METROPOLIS:NSE?window=6M
MFSL,Financial Services,0.05,-5.72,4.41,5.02,7.68,0.94,0.21083541616885407,87.0,2026-03-05 11:15:39,https://www.google.com/finance/quote/MFSL:NSE?window=6M
MGL,Oil Gas & Consumable Fuels,-0.43,-8.7,4.09,-6.74,-14.09,-0.85,-0.12193793211066842,32.0,2026-03-05 11:15:39,https://www.google.com/finance/quote/MGL:NSE?window=6M
MINDACORP,Automobile and Auto Components,0.61,-8.77,-9.15,-10.49,4.09,-0.57,-0.01995897375701419,56.0,2026-03-05 11:15:39,https://www.google.com/finance/quote/MINDACORP:NSE?window=6M
MMTC,Services,1.7,-8.63,-11.1,-2.95,-9.58,-0.28,-0.07130844693970764,46.0,2026-03-05 11:15:39,https://www.google.com/finance/quote/MMTC:NSE?window=6M
MOTHERSON,Automobile and Auto Components,2.82,-5.18,4.14,8.38,30.96,1.16,0.2491219512950655,90.0,2026-03-05 11:15:39,https://www.google.com/finance/quote/MOTHERSON:NSE?window=6M
MOTILALOFS,Financial Services,2.88,-1.02,-8.25,-21.29,-17.06,-1.09,-0.09538217453427533,40.0,2026-03-05 11:15:39,https://www.google.com/finance/quote/MOTILALOFS:NSE?window=6M
MPHASIS,Information Technology,-1.57,-1.15,-20.85,-22.0,-23.12,-2.24,-0.1738474820082918,22.0,2026-03-05 11:15:39,https://www.google.com/finance/quote/MPHASIS:NSE?window=6M
MRF,Automobile and Auto Components,3.82,-4.99,2.61,-7.78,-8.88,-0.51,0.015801172701370464,64.0,2026-03-05 11:15:39,https://www.google.com/finance/quote/MRF:NSE?window=6M
MRPL,Oil Gas & Consumable Fuels,2.58,-1.93,9.45,23.1,54.82,1.54,0.4236874036197885,97.0,2026-03-05 11:15:39,https://www.google.com/finance/quote/MRPL:NSE?window=6M
MSUMI,Automobile and Auto Components,0.29,-4.61,-7.52,-9.93,-3.35,-0.37,0.028273429289264615,65.0,2026-03-05 11:15:39,https://www.google.com/finance/quote/MSUMI:NSE?window=6M
MUTHOOTFIN,Financial Services,-1.0,-5.66,-8.77,-12.14,22.52,0.28,0.19530546788819625,86.0,2026-03-05 11:15:39,https://www.google.com/finance/quote/MUTHOOTFIN:NSE?window=6M
NAM-INDIA,Financial Services,1.21,-11.79,-7.35,4.89,8.91,0.66,0.1921710764579831,85.0,2026-03-05 11:15:39,https://www.google.com/finance/quote/NAM-INDIA:NSE?window=6M
NATCOPHARM,Healthcare,5.0,2.31,17.23,6.99,15.61,0.66,0.13490225443116827,80.0,2026-03-05 11:15:39,https://www.google.com/finance/quote/NATCOPHARM:NSE?window=6M
NATIONALUM,Metals & Mining,6.01,10.05,6.77,48.57,97.45,2.9,0.8620929055013233,99.0,2026-03-05 11:15:39,https://www.google.com/finance/quote/NATIONALUM:NSE?window=6M
NAUKRI,Consumer Services,1.56,-2.67,-18.82,-26.27,-25.59,-2.93,-0.2751726801579173,7.0,2026-03-05 11:15:39,https://www.google.com/finance/quote/NAUKRI:NSE?window=6M
NAVA,Power,2.22,-1.65,0.52,8.85,-18.53,0.37,0.10967810589110222,77.0,2026-03-05 11:15:39,https://www.google.com/finance/quote/NAVA:NSE?window=6M
NAVINFLUOR,Chemicals,7.05,1.15,3.57,11.6,36.78,1.39,0.3563423148869779,95.0,2026-03-05 11:15:39,https://www.google.com/finance/quote/NAVINFLUOR:NSE?window=6M
NBCC,Construction,1.42,-8.22,-13.52,-23.28,-14.5,-1.6,-0.16071595871528147,24.0,2026-03-05 11:15:39,https://www.google.com/finance/quote/NBCC:NSE?window=6M
NCC,Construction,-0.24,-5.72,-6.46,-15.36,-32.27,-2.26,-0.24596963483830117,9.0,2026-03-05 11:15:39,https://www.google.com/finance/quote/NCC:NSE?window=6M
NESTLEIND,Fast Moving Consumer Goods,0.45,-5.48,-4.37,0.72,4.16,0.05,0.04280165199253619,68.0,2026-03-05 11:15:39,https://www.google.com/finance/quote/NESTLEIND:NSE?window=6M
NETWEB,Information Technology,-6.09,-10.44,1.35,1.24,43.42,0.9,0.43765570300166434,98.0,2026-03-05 11:15:39,https://www.google.com/finance/quote/NETWEB:NSE?window=6M
NEULANDLAB,Healthcare,1.17,-3.04,-3.32,-23.85,-5.84,-0.99,-0.06550553717518934,47.0,2026-03-05 11:15:39,https://www.google.com/finance/quote/NEULANDLAB:NSE?window=6M
NEWGEN,Information Technology,-1.95,-6.43,-17.52,-46.84,-47.53,-2.58,-0.5083448714932247,1.0,2026-03-05 11:15:39,https://www.google.com/finance/quote/NEWGEN:NSE?window=6M
NH,Healthcare,1.35,-5.19,0.75,-9.6,0.07,-0.56,0.004619402919367181,62.0,2026-03-05 11:15:39,https://www.google.com/finance/quote/NH:NSE?window=6M
NHPC,Power,2.66,-2.01,-5.53,-3.49,-6.8,-0.69,-0.0581607247002105,48.0,2026-03-05 11:15:39,https://www.google.com/finance/quote/NHPC:NSE?window=6M
NIACL,Financial Services,1.51,-6.38,-5.47,-15.42,-27.63,-1.86,-0.18683982256180873,19.0,2026-03-05 11:15:39,https://www.google.com/finance/quote/NIACL:NSE?window=6M
NIVABUPA,Financial Services,0.0,-5.15,-7.92,-3.06,-12.47,-0.85,-0.07463426744881603,44.0,2026-03-05 11:15:39,https://www.google.com/finance/quote/NIVABUPA:NSE?window=6M
NLCINDIA,Power,1.85,-3.64,0.93,5.47,8.73,0.49,0.09676880928189405,75.0,2026-03-05 11:15:39,https://www.google.com/finance/quote/NLCINDIA:NSE?window=6M
NMDC,Metals & Mining,2.26,-4.18,-3.93,3.14,7.75,0.4,0.09205331526543091,74.0,2026-03-05 11:15:39,https://www.google.com/finance/quote/NMDC:NSE?window=6M
NSLNISP,Metals & Mining,0.81,-1.61,-6.61,-7.06,-1.61,-0.36,-0.024261943499540944,55.0,2026-03-05 11:15:39,https://www.google.com/finance/quote/NSLNISP:NSE?window=6M
NTPC,Power,3.35,-1.78,5.44,17.06,12.41,1.44,0.1606626648275077,81.0,2026-03-05 11:15:39,https://www.google.com/finance/quote/NTPC:NSE?window=6M
NTPCGREEN,Power,1.68,-3.2,0.48,-4.81,-17.59,-1.23,-0.11396021237774806,34.0,2026-03-05 11:15:39,https://www.google.com/finance/quote/NTPCGREEN:NSE?window=6M
NUVAMA,Financial Services,3.48,-2.89,-9.06,-12.9,-4.0,-0.7,-0.06679404590862484,46.0,2026-03-05 11:15:39,https://www.google.com/finance/quote/NUVAMA:NSE?window=6M
NUVOCO,Construction Materials,0.2,-7.52,-11.65,-12.76,-32.96,-1.7,-0.15089917833171235,26.0,2026-03-05 11:15:39,https://www.google.com/finance/quote/NUVOCO:NSE?window=6M
NYKAA,Consumer Services,1.99,-2.19,6.27,1.05,12.16,0.71,0.2150649694211703,87.0,2026-03-05 11:15:39,https://www.google.com/finance/quote/NYKAA:NSE?window=6M
OBEROIRLTY,Realty,1.9,-2.37,-3.0,-9.66,-10.27,-1.13,-0.10220379391304467,38.0,2026-03-05 11:15:39,https://www.google.com/finance/quote/OBEROIRLTY:NSE?window=6M
OFSS,Information Technology,-0.62,2.68,-13.25,-15.92,-19.9,-1.61,-0.17584112308808703,21.0,2026-03-05 11:15:39,https://www.google.com/finance/quote/OFSS:NSE?window=6M
OIL,Oil Gas & Consumable Fuels,-2.64,1.88,-2.0,16.65,19.16,1.15,0.1914027277442349,85.0,2026-03-05 11:15:39,https://www.google.com/finance/quote/OIL:NSE?window=6M
OLAELEC,Automobile and Auto Components,-1.05,-4.58,-21.4,-35.87,-60.64,-2.47,-0.48368970499607866,1.0,2026-03-05 11:15:39,https://www.google.com/finance/quote/OLAELEC:NSE?window=6M
OLECTRA,Automobile and Auto Components,2.53,-8.1,-12.23,-23.13,-40.9,-1.95,-0.2640816783279258,8.0,2026-03-05 11:15:39,https://www.google.com/finance/quote/OLECTRA:NSE?window=6M
ONESOURCE,Healthcare,6.67,10.16,20.94,-13.79,-24.81,-0.64,-0.14137957636034293,28.0,2026-03-05 11:15:39,https://www.google.com/finance/quote/ONESOURCE:NSE?window=6M
ONGC,Oil Gas & Consumable Fuels,-0.22,-0.4,7.53,15.14,15.39,1.17,0.16147870840503367,82.0,2026-03-05 11:15:39,https://www.google.com/finance/quote/ONGC:NSE?window=6M
PAGEIND,Textiles,1.63,-3.79,-6.68,-15.45,-30.28,-3.04,-0.23509728106748234,10.0,2026-03-05 11:15:39,https://www.google.com/finance/quote/PAGEIND:NSE?window=6M
PATANJALI,Fast Moving Consumer Goods,-0.72,-3.65,-1.22,-9.97,-16.92,-1.54,-0.13186560961894023,30.0,2026-03-05 11:15:39,https://www.google.com/finance/quote/PATANJALI:NSE?window=6M
PAYTM,Financial Services,0.71,-7.09,-12.12,-21.36,-16.3,-1.01,-0.004559901980244238,59.0,2026-03-05 11:15:39,https://www.google.com/finance/quote/PAYTM:NSE?window=6M
PCBL,Chemicals,-0.72,-7.36,-5.27,-11.46,-25.09,-1.03,-0.21186249369027732,14.0,2026-03-05 11:15:39,https://www.google.com/finance/quote/PCBL:NSE?window=6M
PERSISTENT,Information Technology,-1.43,-1.89,-26.07,-26.73,-14.08,-2.01,-0.1972903057718265,17.0,2026-03-05 11:15:39,https://www.google.com/finance/quote/PERSISTENT:NSE?window=6M
PETRONET,Oil Gas & Consumable Fuels,4.66,-6.64,-1.46,9.04,5.62,0.35,0.040514183979123986,68.0,2026-03-05 11:15:39,https://www.google.com/finance/quote/PETRONET:NSE?window=6M
PFC,Financial Services,4.31,-2.35,5.36,17.53,5.35,0.89,0.10056221001349641,75.0,2026-03-05 11:15:39,https://www.google.com/finance/quote/PFC:NSE?window=6M
PFIZER,Healthcare,-1.24,-6.61,2.97,-3.35,-5.9,-0.54,-0.02336602616616712,55.0,2026-03-05 11:15:39,https://www.google.com/finance/quote/PFIZER:NSE?window=6M
PGEL,Consumer Durables,3.63,-1.17,9.31,7.4,9.66,0.21,-0.03954302927895168,52.0,2026-03-05 11:15:39,https://www.google.com/finance/quote/PGEL:NSE?window=6M
PGHH,Fast Moving Consumer Goods,0.01,-1.89,-5.88,-11.18,-17.48,-2.62,-0.14833378055419608,27.0,2026-03-05 11:15:39,https://www.google.com/finance/quote/PGHH:NSE?window=6M
PHOENIXLTD,Realty,1.4,-3.57,-2.73,-5.07,4.34,-0.45,-0.00040760007358579993,60.0,2026-03-05 11:15:39,https://www.google.com/finance/quote/PHOENIXLTD:NSE?window=6M
PIDILITIND,Chemicals,0.47,-3.45,1.27,-2.21,-7.52,-0.78,-0.022601182296804617,55.0,2026-03-05 11:15:39,https://www.google.com/finance/quote/PIDILITIND:NSE?window=6M
PIIND,Chemicals,0.83,-0.15,-2.48,-8.46,-17.7,-1.47,-0.10691149051246489,36.0,2026-03-05 11:15:39,https://www.google.com/finance/quote/PIIND:NSE?window=6M
PNB,Financial Services,0.68,-6.39,-1.34,2.0,18.8,0.58,0.13139362470229235,79.0,2026-03-05 11:15:39,https://www.google.com/finance/quote/PNB:NSE?window=6M
PNBHOUSING,Financial Services,0.96,-6.89,-3.91,-9.95,0.66,-0.74,-0.08838306695533779,41.0,2026-03-05 11:15:39,https://www.google.com/finance/quote/PNBHOUSING:NSE?window=6M
POLICYBZR,Financial Services,-0.49,-3.07,0.73,-19.92,-19.36,-1.39,-0.15342853945926224,26.0,2026-03-05 11:15:39,https://www.google.com/finance/quote/POLICYBZR:NSE?window=6M
POLYCAB,Capital Goods,3.38,2.58,14.11,18.5,19.3,1.61,0.3014130030653754,93.0,2026-03-05 11:15:39,https://www.google.com/finance/quote/POLYCAB:NSE?window=6M
POLYMED,Healthcare,-2.75,4.68,-14.3,-28.87,-34.54,-2.15,-0.3389946825863477,3.0,2026-03-05 11:15:39,https://www.google.com/finance/quote/POLYMED:NSE?window=6M
POONAWALLA,Financial Services,1.82,-5.95,5.91,-6.25,1.84,0.08,0.1081485795383073,77.0,2026-03-05 11:15:39,https://www.google.com/finance/quote/POONAWALLA:NSE?window=6M
POWERGRID,Power,2.57,-2.54,5.74,11.55,4.45,0.73,0.09703044178829963,75.0,2026-03-05 11:15:39,https://www.google.com/finance/quote/POWERGRID:NSE?window=6M
POWERINDIA,Capital Goods,3.67,1.66,28.93,16.25,35.0,1.29,0.4263245210930571,98.0,2026-03-05 11:15:39,https://www.google.com/finance/quote/POWERINDIA:NSE?window=6M
PPLPHARMA,Healthcare,0.65,-4.82,-4.92,-15.79,-17.89,-1.83,-0.2029852980819324,16.0,2026-03-05 11:15:39,https://www.google.com/finance/quote/PPLPHARMA:NSE?window=6M
PRAJIND,Capital Goods,-2.96,1.54,4.63,-2.37,-26.8,-0.85,-0.22239633300385828,12.0,2026-03-05 11:15:39,https://www.google.com/finance/quote/PRAJIND:NSE?window=6M
PREMIERENE,Capital Goods,1.97,-1.28,-9.03,-25.85,-29.42,-1.88,-0.2768291975653609,7.0,2026-03-05 11:15:39,https://www.google.com/finance/quote/PREMIERENE:NSE?window=6M
PRESTIGE,Realty,1.84,-3.17,-10.87,-16.12,-12.14,-1.25,-0.08433317729322024,42.0,2026-03-05 11:15:39,https://www.google.com/finance/quote/PRESTIGE:NSE?window=6M
PTCIL,Capital Goods,-0.03,-0.48,0.53,-2.26,30.08,0.62,0.24057388085051556,89.0,2026-03-05 11:15:39,https://www.google.com/finance/quote/PTCIL:NSE?window=6M
PVRINOX,Media Entertainment & Publication,1.74,-0.74,4.24,-9.05,-8.21,-0.64,-0.0467839130218219,51.0,2026-03-05 11:15:39,https://www.google.com/finance/quote/PVRINOX:NSE?window=6M
RADICO,Fast Moving Consumer Goods,0.74,-5.92,-7.51,-21.49,-11.62,-1.15,-0.0675073891989866,46.0,2026-03-05 11:15:39,https://www.google.com/finance/quote/RADICO:NSE?window=6M
RAILTEL,Telecommunication,1.26,-11.18,-15.78,-15.06,-19.93,-1.17,-0.17524662874114733,22.0,2026-03-05 11:15:39,https://www.google.com/finance/quote/RAILTEL:NSE?window=6M
RAINBOW,Healthcare,-0.14,0.21,8.84,-10.02,-19.47,-1.53,-0.12336534987012959,31.0,2026-03-05 11:15:39,https://www.google.com/finance/quote/RAINBOW:NSE?window=6M
RAMCOCEM,Construction Materials,1.7,-4.15,-2.72,7.67,2.13,0.7,0.11797375183555614,78.0,2026-03-05 11:15:39,https://www.google.com/finance/quote/RAMCOCEM:NSE?window=6M
RBLBANK,Financial Services,1.32,-5.97,1.76,1.91,15.15,0.94,0.32318863766009726,94.0,2026-03-05 11:15:39,https://www.google.com/finance/quote/RBLBANK:NSE?window=6M
RCF,Chemicals,-1.5,-11.29,-15.63,-15.92,-27.32,-1.91,-0.19626809517738858,17.0,2026-03-05 11:15:39,https://www.google.com/finance/quote/RCF:NSE?window=6M
RECLTD,Financial Services,3.98,-3.43,-8.23,-2.41,-6.28,-0.63,-0.0732399586259267,44.0,2026-03-05 11:15:39,https://www.google.com/finance/quote/RECLTD:NSE?window=6M
REDINGTON,Services,-0.28,2.6,-10.05,-9.64,3.34,-0.29,-0.046770849451342356,51.0,2026-03-05 11:15:39,https://www.google.com/finance/quote/REDINGTON:NSE?window=6M
RELIANCE,Oil Gas & Consumable Fuels,3.3,-0.65,-3.32,-9.71,1.68,-0.77,-0.006977485403852464,58.0,2026-03-05 11:15:39,https://www.google.com/finance/quote/RELIANCE:NSE?window=6M
RHIM,Capital Goods,-0.69,-8.86,-8.65,-12.65,-17.25,-0.78,-0.10149147067364885,38.0,2026-03-05 11:15:39,https://www.google.com/finance/quote/RHIM:NSE?window=6M
RITES,Construction,2.32,-7.67,-9.8,-12.85,-23.59,-1.56,-0.16756740492996186,23.0,2026-03-05 11:15:39,https://www.google.com/finance/quote/RITES:NSE?window=6M
RKFORGE,Automobile and Auto Components,1.62,2.17,-1.44,3.75,-4.12,-0.13,-0.04865034632479357,50.0,2026-03-05 11:15:39,https://www.google.com/finance/quote/RKFORGE:NSE?window=6M
RPOWER,Power,-2.68,-11.71,-19.95,-41.29,-51.23,-2.94,-0.4675532828616914,1.0,2026-03-05 11:15:39,https://www.google.com/finance/quote/RPOWER:NSE?window=6M
RRKABEL,Capital Goods,0.84,-0.52,5.35,7.79,25.85,0.88,0.17109651549167154,83.0,2026-03-05 11:15:39,https://www.google.com/finance/quote/RRKABEL:NSE?window=6M
RVNL,Construction,-0.99,-12.07,-13.98,-10.4,-15.85,-1.07,-0.18131289097026532,20.0,2026-03-05 11:15:39,https://www.google.com/finance/quote/RVNL:NSE?window=6M
SAGILITY,Information Technology,-3.78,-6.99,-20.13,-20.38,-11.27,-1.27,-0.12043441578586792,32.0,2026-03-05 11:15:39,https://www.google.com/finance/quote/SAGILITY:NSE?window=6M
SAIL,Metals & Mining,0.34,-5.32,1.16,18.37,26.86,1.45,0.26117978162898664,90.0,2026-03-05 11:15:39,https://www.google.com/finance/quote/SAIL:NSE?window=6M
SAILIFE,Healthcare,6.46,15.74,21.62,22.62,29.54,1.58,0.3448364726439294,95.0,2026-03-05 11:15:39,https://www.google.com/finance/quote/SAILIFE:NSE?window=6M
SAMMAANCAP,Financial Services,2.08,-8.06,-2.2,-5.38,4.2,-0.03,0.07718350815181627,73.0,2026-03-05 11:15:39,https://www.google.com/finance/quote/SAMMAANCAP:NSE?window=6M
SAPPHIRE,Consumer Services,-2.43,-12.96,-0.97,-27.15,-41.75,-2.37,-0.3555192077787679,3.0,2026-03-05 11:15:39,https://www.google.com/finance/quote/SAPPHIRE:NSE?window=6M
SARDAEN,Metals & Mining,4.08,1.96,7.56,12.4,-5.92,0.66,0.11529695679781041,78.0,2026-03-05 11:15:39,https://www.google.com/finance/quote/SARDAEN:NSE?window=6M
SAREGAMA,Media Entertainment & Publication,3.58,-1.38,0.15,-11.51,-33.32,-1.64,-0.26187410347828666,8.0,2026-03-05 11:15:39,https://www.google.com/finance/quote/SAREGAMA:NSE?window=6M
SBFC,Financial Services,1.43,-3.37,3.37,-12.37,-10.61,-0.86,-0.0930054868812636,40.0,2026-03-05 11:15:39,https://www.google.com/finance/quote/SBFC:NSE?window=6M
SBICARD,Financial Services,0.54,-7.38,-3.63,-15.83,-7.92,-1.75,-0.14591267000047028,27.0,2026-03-05 11:15:39,https://www.google.com/finance/quote/SBICARD:NSE?window=6M
SBILIFE,Financial Services,0.75,-6.2,-2.85,-1.41,7.19,0.18,0.09217655902611042,74.0,2026-03-05 11:15:39,https://www.google.com/finance/quote/SBILIFE:NSE?window=6M
SBIN,Financial Services,-0.43,-2.55,9.89,22.97,45.48,2.85,0.4006902877992341,97.0,2026-03-05 11:15:39,https://www.google.com/finance/quote/SBIN:NSE?window=6M
SCHAEFFLER,Automobile and Auto Components,4.01,0.83,10.81,10.29,11.48,0.83,0.1495300752510853,80.0,2026-03-05 11:15:39,https://www.google.com/finance/quote/SCHAEFFLER:NSE?window=6M
SCI,Services,-1.71,-8.79,9.38,5.95,9.99,0.63,0.19035564867646687,85.0,2026-03-05 11:15:39,https://www.google.com/finance/quote/SCI:NSE?window=6M
SHREECEM,Construction Materials,-0.61,-6.2,-6.74,-3.95,-15.99,-1.42,-0.09743840634084615,39.0,2026-03-05 11:15:39,https://www.google.com/finance/quote/SHREECEM:NSE?window=6M
SHRIRAMFIN,Financial Services,2.92,-4.27,3.91,25.53,77.81,2.75,0.5404880939384719,99.0,2026-03-05 11:15:39,https://www.google.com/finance/quote/SHRIRAMFIN:NSE?window=6M
SHYAMMETL,Capital Goods,-0.74,-6.46,-5.38,0.11,-10.68,-0.25,-0.006789220143411018,59.0,2026-03-05 11:15:39,https://www.google.com/finance/quote/SHYAMMETL:NSE?window=6M
SIEMENS,Capital Goods,1.73,-4.03,0.12,-3.43,0.8,-0.09,0.04935299713705404,69.0,2026-03-05 11:15:39,https://www.google.com/finance/quote/SIEMENS:NSE?window=6M
SIGNATURE,Realty,0.49,-2.38,5.59,-17.41,-14.94,-1.28,-0.18369362764065,20.0,2026-03-05 11:15:39,https://www.google.com/finance/quote/SIGNATURE:NSE?window=6M
SJVN,Power,6.49,-3.31,0.75,-4.37,-22.6,-0.85,-0.1504133782932522,27.0,2026-03-05 11:15:39,https://www.google.com/finance/quote/SJVN:NSE?window=6M
SOBHA,Realty,1.23,-6.93,-10.05,-11.12,-7.22,-0.65,-0.05408353596954145,49.0,2026-03-05 11:15:39,https://www.google.com/finance/quote/SOBHA:NSE?window=6M
SOLARINDS,Chemicals,1.02,9.01,6.37,14.3,4.66,0.81,0.17388881045374743,83.0,2026-03-05 11:15:39,https://www.google.com/finance/quote/SOLARINDS:NSE?window=6M
SONACOMS,Automobile and Auto Components,1.9,-5.73,-3.63,3.93,14.83,0.27,0.03763081556764393,67.0,2026-03-05 11:15:39,https://www.google.com/finance/quote/SONACOMS:NSE?window=6M
SONATSOFTW,Information Technology,-2.11,-8.2,-23.54,-31.33,-29.76,-2.61,-0.3370329412882586,4.0,2026-03-05 11:15:39,https://www.google.com/finance/quote/SONATSOFTW:NSE?window=6M
SRF,Chemicals,1.04,-1.98,-11.99,-9.43,-11.71,-1.06,-0.10243322574555379,38.0,2026-03-05 11:15:39,https://www.google.com/finance/quote/SRF:NSE?window=6M
STARHEALTH,Financial Services,-0.16,-1.87,-2.36,-2.64,4.4,-0.15,0.04338706853968604,68.0,2026-03-05 11:15:39,https://www.google.com/finance/quote/STARHEALTH:NSE?window=6M
SUMICHEM,Chemicals,0.8,-0.5,-5.66,-13.74,-30.2,-1.84,-0.18897086228522042,18.0,2026-03-05 11:15:39,https://www.google.com/finance/quote/SUMICHEM:NSE?window=6M
SUNDARMFIN,Financial Services,2.6,1.56,3.93,19.01,29.64,1.36,0.2079542901996672,87.0,2026-03-05 11:15:39,https://www.google.com/finance/quote/SUNDARMFIN:NSE?window=6M
SUNDRMFAST,Automobile and Auto Components,2.04,-6.31,-12.95,-8.73,-16.73,-1.31,-0.1232396363724178,31.0,2026-03-05 11:15:39,https://www.google.com/finance/quote/SUNDRMFAST:NSE?window=6M
SUNPHARMA,Healthcare,1.94,1.15,4.84,-1.23,14.01,0.13,0.058322372244252345,69.0,2026-03-05 11:15:39,https://www.google.com/finance/quote/SUNPHARMA:NSE?window=6M
SUNTV,Media Entertainment & Publication,0.37,-1.42,9.18,8.43,4.92,0.31,0.0292889141657567,65.0,2026-03-05 11:15:39,https://www.google.com/finance/quote/SUNTV:NSE?window=6M
SUPREMEIND,Capital Goods,1.33,-2.53,7.34,19.8,-13.96,0.76,0.06062670945797834,70.0,2026-03-05 11:15:39,https://www.google.com/finance/quote/SUPREMEIND:NSE?window=6M
SUZLON,Capital Goods,0.8,-6.79,-18.12,-23.46,-30.9,-2.73,-0.2900490098266851,6.0,2026-03-05 11:15:39,https://www.google.com/finance/quote/SUZLON:NSE?window=6M
SWANCORP,Chemicals,0.07,-3.43,-15.26,-19.2,-21.11,-1.49,-0.17627220763347606,21.0,2026-03-05 11:15:39,https://www.google.com/finance/quote/SWANCORP:NSE?window=6M
SWIGGY,Consumer Services,0.22,-2.93,-6.09,-26.0,-29.94,-1.87,-0.21671763974635194,13.0,2026-03-05 11:15:39,https://www.google.com/finance/quote/SWIGGY:NSE?window=6M
SYNGENE,Healthcare,0.75,-6.9,-15.54,-36.55,-36.49,-3.7,-0.3760099107732056,2.0,2026-03-05 11:15:39,https://www.google.com/finance/quote/SYNGENE:NSE?window=6M
SYRMA,Capital Goods,3.8,-8.03,-6.49,-3.57,0.87,0.42,0.23198606943380123,89.0,2026-03-05 11:15:39,https://www.google.com/finance/quote/SYRMA:NSE?window=6M
TARIL,Capital Goods,1.38,-0.77,19.52,18.54,-41.35,-0.1,-0.15867040960932594,25.0,2026-03-05 11:15:39,https://www.google.com/finance/quote/TARIL:NSE?window=6M
TATACHEM,Chemicals,0.64,-0.99,-1.81,-9.05,-23.53,-1.62,-0.15381871086265145,25.0,2026-03-05 11:15:39,https://www.google.com/finance/quote/TATACHEM:NSE?window=6M
TATACOMM,Telecommunication,-1.43,-10.31,-7.69,-21.63,-5.79,-1.51,-0.11434418366913893,34.0,2026-03-05 11:15:39,https://www.google.com/finance/quote/TATACOMM:NSE?window=6M
TATACONSUM,Fast Moving Consumer Goods,0.77,-4.54,-3.14,-1.83,1.66,-0.19,0.019538698273991795,64.0,2026-03-05 11:15:39,https://www.google.com/finance/quote/TATACONSUM:NSE?window=6M
TATAELXSI,Information Technology,0.97,-3.87,-20.12,-14.97,-18.9,-1.49,-0.2058198369092801,15.0,2026-03-05 11:15:39,https://www.google.com/finance/quote/TATAELXSI:NSE?window=6M
TATAINVEST,Financial Services,5.18,-0.14,3.75,-9.1,-3.6,-0.43,-0.03271456277183089,54.0,2026-03-05 11:15:39,https://www.google.com/finance/quote/TATAINVEST:NSE?window=6M
TATAPOWER,Power,3.01,-1.15,3.22,-1.77,-2.38,-0.37,-0.004916155556495293,59.0,2026-03-05 11:15:39,https://www.google.com/finance/quote/TATAPOWER:NSE?window=6M
TATASTEEL,Metals & Mining,1.95,-6.56,3.96,20.16,26.63,1.67,0.28148661667020675,91.0,2026-03-05 11:15:39,https://www.google.com/finance/quote/TATASTEEL:NSE?window=6M
TATATECH,Information Technology,0.73,-0.29,-12.65,-14.16,-15.42,-1.94,-0.17977037123769612,21.0,2026-03-05 11:15:39,https://www.google.com/finance/quote/TATATECH:NSE?window=6M
TBOTEK,Consumer Services,1.12,-10.16,-21.06,-31.5,-16.47,-2.16,-0.22000605970108855,12.0,2026-03-05 11:15:39,https://www.google.com/finance/quote/TBOTEK:NSE?window=6M
TCS,Information Technology,-0.35,-1.92,-20.04,-18.91,-17.12,-2.48,-0.21630063189178347,13.0,2026-03-05 11:15:39,https://www.google.com/finance/quote/TCS:NSE?window=6M
TECHM,Information Technology,-1.32,-2.09,-22.32,-13.52,-11.87,-1.44,-0.1377762997862842,29.0,2026-03-05 11:15:39,https://www.google.com/finance/quote/TECHM:NSE?window=6M
TECHNOE,Construction,1.45,-1.63,9.35,-0.1,-25.46,-0.47,-0.0565929407836588,49.0,2026-03-05 11:15:39,https://www.google.com/finance/quote/TECHNOE:NSE?window=6M
TEJASNET,Telecommunication,-1.45,54.94,45.66,-3.5,-15.94,-0.38,-0.17676174751978552,21.0,2026-03-05 11:15:39,https://www.google.com/finance/quote/TEJASNET:NSE?window=6M
THELEELA,Consumer Services,-1.07,-1.57,-3.28,7.03,3.29,0.34,0.03370296106488404,66.0,2026-03-05 11:15:39,https://www.google.com/finance/quote/THELEELA:NSE?window=6M
THERMAX,Capital Goods,1.6,-3.86,3.85,6.19,-6.66,-0.0,-0.01636217892683947,57.0,2026-03-05 11:15:39,https://www.google.com/finance/quote/THERMAX:NSE?window=6M
TIINDIA,Automobile and Auto Components,0.39,6.23,11.13,1.51,-8.72,-0.1,-0.013596543545380204,58.0,2026-03-05 11:15:39,https://www.google.com/finance/quote/TIINDIA:NSE?window=6M
TIMKEN,Capital Goods,3.61,0.67,3.12,8.8,14.38,0.76,0.13457018842646384,80.0,2026-03-05 11:15:39,https://www.google.com/finance/quote/TIMKEN:NSE?window=6M
TITAGARH,Capital Goods,2.5,-8.47,-17.63,-17.15,-22.46,-1.65,-0.19773431483700385,17.0,2026-03-05 11:15:39,https://www.google.com/finance/quote/TITAGARH:NSE?window=6M
TITAN,Consumer Durables,1.68,-1.15,5.08,11.98,18.08,1.61,0.19430577098936205,86.0,2026-03-05 11:15:39,https://www.google.com/finance/quote/TITAN:NSE?window=6M
TMPV,Automobile and Auto Components,1.12,-6.99,-4.54,-0.48,-14.28,-0.69,-0.0864172756827832,41.0,2026-03-05 11:15:39,https://www.google.com/finance/quote/TMPV:NSE?window=6M
TORNTPHARM,Healthcare,0.29,-1.48,7.61,16.4,21.5,2.17,0.27360903968740957,91.0,2026-03-05 11:15:39,https://www.google.com/finance/quote/TORNTPHARM:NSE?window=6M
TORNTPOWER,Power,1.9,-3.95,9.75,15.49,15.28,0.95,0.13428063999066397,79.0,2026-03-05 11:15:39,https://www.google.com/finance/quote/TORNTPOWER:NSE?window=6M
TRENT,Consumer Services,0.91,-3.34,-0.83,-9.49,-29.95,-1.58,-0.20935887683745716,14.0,2026-03-05 11:15:39,https://www.google.com/finance/quote/TRENT:NSE?window=6M
TRIDENT,Textiles,1.15,-8.2,-16.93,-15.18,-16.05,-1.31,-0.1624665923464923,24.0,2026-03-05 11:15:39,https://www.google.com/finance/quote/TRIDENT:NSE?window=6M
TRITURBINE,Capital Goods,2.75,-4.22,-13.93,-13.29,-10.83,-1.17,-0.14261800349131185,28.0,2026-03-05 11:15:39,https://www.google.com/finance/quote/TRITURBINE:NSE?window=6M
TRIVENI,Fast Moving Consumer Goods,-0.25,3.32,5.75,11.29,10.39,0.51,0.0683004128925671,71.0,2026-03-05 11:15:39,https://www.google.com/finance/quote/TRIVENI:NSE?window=6M
TTML,Telecommunication,1.06,-6.75,-11.23,-22.91,-33.43,-1.87,-0.32828639572565516,4.0,2026-03-05 11:15:39,https://www.google.com/finance/quote/TTML:NSE?window=6M
TVSMOTOR,Automobile and Auto Components,1.91,-2.89,2.47,5.14,13.32,1.21,0.24892201065449435,90.0,2026-03-05 11:15:39,https://www.google.com/finance/quote/TVSMOTOR:NSE?window=6M
UBL,Fast Moving Consumer Goods,1.25,3.95,9.32,-3.0,-10.34,-1.23,-0.10763146747265306,36.0,2026-03-05 11:15:39,https://www.google.com/finance/quote/UBL:NSE?window=6M
UCOBANK,Financial Services,0.77,-7.04,-3.51,-8.31,-4.85,-1.28,-0.1367963009067594,29.0,2026-03-05 11:15:39,https://www.google.com/finance/quote/UCOBANK:NSE?window=6M
ULTRACEMCO,Construction Materials,1.5,-5.77,-2.4,6.21,-3.47,0.41,0.06473685470174351,70.0,2026-03-05 11:15:39,https://www.google.com/finance/quote/ULTRACEMCO:NSE?window=6M
UNIONBANK,Financial Services,0.04,-4.06,9.63,26.3,49.77,2.19,0.3857736197165634,96.0,2026-03-05 11:15:39,https://www.google.com/finance/quote/UNIONBANK:NSE?window=6M
UNITDSPR,Fast Moving Consumer Goods,0.68,-6.14,-2.95,-6.72,-0.61,-1.02,-0.06325702652910799,47.0,2026-03-05 11:15:39,https://www.google.com/finance/quote/UNITDSPR:NSE?window=6M
UNOMINDA,Automobile and Auto Components,-0.55,-8.17,-7.88,-11.73,-14.57,-0.62,0.0041960549195470265,62.0,2026-03-05 11:15:39,https://www.google.com/finance/quote/UNOMINDA:NSE?window=6M
UPL,Chemicals,2.52,0.54,-14.9,-15.26,-11.41,-0.75,-0.09119888504108285,41.0,2026-03-05 11:15:39,https://www.google.com/finance/quote/UPL:NSE?window=6M
USHAMART,Capital Goods,1.97,-0.87,3.12,-0.51,10.27,0.49,0.17747312500649798,84.0,2026-03-05 11:15:39,https://www.google.com/finance/quote/USHAMART:NSE?window=6M
UTIAMC,Financial Services,3.48,-5.15,-5.44,-12.32,-24.03,-1.36,-0.12299079513655484,32.0,2026-03-05 11:15:39,https://www.google.com/finance/quote/UTIAMC:NSE?window=6M
VBL,Fast Moving Consumer Goods,3.72,-2.22,-1.19,-6.65,-10.71,-0.86,-0.07299614700209694,45.0,2026-03-05 11:15:39,https://www.google.com/finance/quote/VBL:NSE?window=6M
VEDL,Metals & Mining,1.46,-2.27,5.27,33.49,64.79,2.5,0.5389110790043595,99.0,2026-03-05 11:15:39,https://www.google.com/finance/quote/VEDL:NSE?window=6M
VENTIVE,Consumer Services,-0.69,-1.44,-9.03,-2.04,-6.3,-0.3,0.0030265455706714565,61.0,2026-03-05 11:15:39,https://www.google.com/finance/quote/VENTIVE:NSE?window=6M
VGUARD,Consumer Durables,1.73,-2.36,-11.83,-9.97,-14.21,-1.31,-0.11797130142241509,33.0,2026-03-05 11:15:39,https://www.google.com/finance/quote/VGUARD:NSE?window=6M
VIJAYA,Healthcare,1.31,-3.66,-1.59,-5.07,-7.44,-0.54,-0.05732291806593406,49.0,2026-03-05 11:15:39,https://www.google.com/finance/quote/VIJAYA:NSE?window=6M
VMM,Consumer Services,2.95,-6.55,-5.09,-14.56,-21.47,-1.25,-0.09649936242980711,39.0,2026-03-05 11:15:39,https://www.google.com/finance/quote/VMM:NSE?window=6M
VOLTAS,Consumer Durables,3.22,-2.44,8.66,11.18,3.1,0.78,0.12532136584172993,79.0,2026-03-05 11:15:39,https://www.google.com/finance/quote/VOLTAS:NSE?window=6M
VTL,Textiles,1.54,0.22,6.75,26.86,32.58,1.54,0.26334234261193806,91.0,2026-03-05 11:15:39,https://www.google.com/finance/quote/VTL:NSE?window=6M
WAAREEENER,Capital Goods,0.46,-2.3,-14.7,-14.87,-17.28,-0.6,-0.07747962165535763,43.0,2026-03-05 11:15:39,https://www.google.com/finance/quote/WAAREEENER:NSE?window=6M
WELCORP,Capital Goods,3.34,3.1,1.58,-1.34,-0.28,-0.15,-0.011683059339346151,58.0,2026-03-05 11:15:39,https://www.google.com/finance/quote/WELCORP:NSE?window=6M
WELSPUNLIV,Textiles,0.7,-5.34,-17.95,-14.31,6.87,-0.3,-0.050913607291090936,50.0,2026-03-05 11:15:39,https://www.google.com/finance/quote/WELSPUNLIV:NSE?window=6M
WHIRLPOOL,Consumer Durables,0.98,-1.2,14.95,-7.49,-31.86,-1.08,-0.1587512419113197,25.0,2026-03-05 11:15:39,https://www.google.com/finance/quote/WHIRLPOOL:NSE?window=6M
WIPRO,Information Technology,0.07,-3.09,-19.37,-23.17,-22.02,-2.64,-0.24341680706217517,9.0,2026-03-05 11:15:39,https://www.google.com/finance/quote/WIPRO:NSE?window=6M
WOCKPHARMA,Healthcare,1.15,-5.22,-3.33,-7.78,-7.77,-0.46,-0.059042100048464774,48.0,2026-03-05 11:15:39,https://www.google.com/finance/quote/WOCKPHARMA:NSE?window=6M
YESBANK,Financial Services,1.1,-2.36,-5.07,-9.69,3.48,-0.73,-0.010402605626745071,58.0,2026-03-05 11:15:39,https://www.google.com/finance/quote/YESBANK:NSE?window=6M
ZEEL,Media Entertainment & Publication,0.62,-6.78,-0.18,-17.4,-28.56,-1.9,-0.2353505135693209,9.0,2026-03-05 11:15:39,https://www.google.com/finance/quote/ZEEL:NSE?window=6M
ZENSARTECH,Information Technology,-1.06,1.07,-18.44,-25.7,-30.82,-2.72,-0.2945751721434975,6.0,2026-03-05 11:15:39,https://www.google.com/finance/quote/ZENSARTECH:NSE?window=6M
ZENTEC,Capital Goods,-0.09,4.83,4.16,1.81,-6.51,-0.23,-0.019058888597440773,57.0,2026-03-05 11:15:39,https://www.google.com/finance/quote/ZENTEC:NSE?window=6M
ZFCVINDIA,Automobile and Auto Components,1.06,-7.41,-6.59,-2.67,1.24,0.03,0.06834343944050726,72.0,2026-03-05 11:15:39,https://www.google.com/finance/quote/ZFCVINDIA:NSE?window=6M
ZYDUSLIFE,Healthcare,1.98,-0.54,1.3,-2.49,-8.18,-0.6,-0.02166736248117243,56.0,2026-03-05 11:15:39,https://www.google.com/finance/quote/ZYDUSLIFE:NSE?window=6M
