Symbol,Industry,Qtr Profit Var %,QoQ profits %,QoQ sales %,OPM,Last_Updated
360ONE,Financial Services,33.32,14.97,21.78,38.73,2026-03-04 11:27:28
3MINDIA,Diversified,-146.38,-134.92,2.68,17.49,2026-03-04 11:27:28
ABB,Capital Goods,-1.73,23.06,11.17,14.49,2026-03-04 11:27:28
ACC,Construction Materials,102.45,7.68,5.88,6.17,2026-03-04 11:27:28
ACMESOLAR,Power,8086.75,-13.08,-2.81,65.3,2026-03-04 11:27:28
AIAENG,Capital Goods,13.58,6.12,1.85,25.0,2026-03-04 11:27:28
APLAPOLLO,Capital Goods,476.18,30.72,12.91,7.3,2026-03-04 11:27:28
AUBANK,Financial Services,16.88,14.94,7.35,,2026-03-04 11:27:28
AWL,Fast Moving Consumer Goods,-13.57,13.7,9.05,2.38,2026-03-04 11:27:28
AADHARHFC,Financial Services,17.49,5.53,4.16,37.74,2026-03-04 11:27:28
AARTIIND,Chemicals,155.77,209.3,38.39,8.84,2026-03-04 11:27:28
AAVAS,Financial Services,16.13,3.73,1.89,25.72,2026-03-04 11:27:28
ABBOTINDIA,Healthcare,4.21,-9.47,-1.88,25.79,2026-03-04 11:27:28
ACE,Capital Goods,22.8,19.13,31.06,15.12,2026-03-04 11:27:28
ADANIENSOL,Power,-18.17,7.77,-1.31,27.34,2026-03-04 11:27:28
ADANIENT,Metals & Mining,9630.28,,,9.15,2026-03-04 11:27:28
ADANIGREEN,Power,-114.86,-105.75,-31.11,51.76,2026-03-04 11:27:28
ADANIPORTS,Services,24.89,-7.87,6.34,45.36,2026-03-04 11:27:28
ADANIPOWER,Power,-25.58,-26.74,-11.75,24.92,2026-03-04 11:27:28
ATGL,Oil Gas & Consumable Fuels,-14.52,-3.99,9.34,16.1,2026-03-04 11:27:28
ABCAPITAL,Financial Services,-5.58,13.17,26.75,37.47,2026-03-04 11:27:28
ABFRL,Consumer Services,-4.13,34.87,29.6,-1.72,2026-03-04 11:27:28
ABLBL,Consumer Services,,186.82,27.31,29.74,2026-03-04 11:27:28
ABREL,Forest Materials,-2923.64,-186.02,-43.98,-132.24,2026-03-04 11:27:28
ABSLAMC,Financial Services,11.22,-2.74,6.86,58.15,2026-03-04 11:27:28
AEGISLOG,Oil Gas & Consumable Fuels,42.32,-1.56,-24.79,14.16,2026-03-04 11:27:28
AEGISVOPAK,Oil Gas & Consumable Fuels,175.71,14.04,5.26,48.46,2026-03-04 11:27:28
AFCONS,Construction,-34.77,-7.89,-0.42,10.65,2026-03-04 11:27:28
AFFLE,Information Technology,29.71,13.1,15.58,18.1,2026-03-04 11:27:28
AJANTPHARM,Healthcare,26.46,7.22,5.54,51.97,2026-03-04 11:27:28
AKUMS,Healthcare,1.74,62.61,13.96,9.25,2026-03-04 11:27:28
AKZOINDIA,Consumer Durables,-24.11,-18.35,-8.78,12.97,2026-03-04 11:27:28
APLLTD,Healthcare,-13.32,-13.87,9.68,11.37,2026-03-04 11:27:28
ALKEM,Healthcare,1.63,-16.87,-6.6,19.62,2026-03-04 11:27:28
ALKYLAMINE,Chemicals,-10.96,-14.52,-12.71,13.97,2026-03-04 11:27:28
ALOKINDS,Textiles,16.97,-26.85,-7.96,-7.58,2026-03-04 11:27:28
ARE&M,Automobile and Auto Components,-40.52,-14.96,0.27,6.36,2026-03-04 11:27:28
AMBER,Consumer Durables,-241.85,-126.23,-14.68,5.26,2026-03-04 11:27:28
AMBUJACEM,Construction Materials,-57.52,-74.15,-0.62,3.87,2026-03-04 11:27:28
ANANDRATHI,Financial Services,31.19,6.65,5.7,42.4,2026-03-04 11:27:28
ANANTRAJ,Realty,30.76,4.44,1.71,24.36,2026-03-04 11:27:28
ANGELONE,Financial Services,-36.54,134.71,17.29,37.21,2026-03-04 11:27:28
APARINDS,Capital Goods,8.04,-20.53,7.41,7.4,2026-03-04 11:27:28
APOLLOHOSP,Healthcare,32.6,16.06,10.87,11.52,2026-03-04 11:27:28
APOLLOTYRE,Automobile and Auto Components,39.52,82.34,13.35,10.34,2026-03-04 11:27:28
APTUS,Financial Services,29.8,7.72,9.83,,2026-03-04 11:27:28
ASAHIINDIA,Automobile and Auto Components,4.21,77.14,0.15,14.56,2026-03-04 11:27:28
ASHOKLEY,Capital Goods,6.77,7.64,17.92,19.67,2026-03-04 11:27:28
ASIANPAINT,Consumer Durables,-4.56,6.67,3.95,16.59,2026-03-04 11:27:28
ASTERDM,Healthcare,-45.84,-38.67,10.01,12.11,2026-03-04 11:27:28
ASTRAZEN,Healthcare,5.64,-39.89,9.39,6.7,2026-03-04 11:27:28
ASTRAL,Capital Goods,-2.09,32.8,13.25,10.63,2026-03-04 11:27:28
ATHERENERG,Automobile and Auto Components,57.1,45.1,6.09,-10.74,2026-03-04 11:27:28
ATUL,Chemicals,17.49,25.8,6.47,10.63,2026-03-04 11:27:28
AUROPHARMA,Healthcare,11.37,10.37,10.43,15.21,2026-03-04 11:27:28
AIIL,Financial Services,-70.15,-79.01,-20.97,58.31,2026-03-04 11:27:28
DMART,Consumer Services,29.77,10.73,10.64,6.6,2026-03-04 11:27:28
AXISBANK,Financial Services,-5.28,12.28,-0.22,,2026-03-04 11:27:28
BASF,Chemicals,3.01,-0.45,-4.54,3.53,2026-03-04 11:27:28
BEML,Capital Goods,-143.86,65.09,70.87,-1.63,2026-03-04 11:27:28
BLS,Consumer Services,34.81,-7.16,-0.02,23.72,2026-03-04 11:27:28
BSE,Financial Services,173.96,7.77,16.45,55.25,2026-03-04 11:27:28
BAJAJ-AUTO,Automobile and Auto Components,25.24,29.58,0.82,23.48,2026-03-04 11:27:28
BAJFINANCE,Financial Services,-6.33,-18.41,4.32,,2026-03-04 11:27:28
BAJAJFINSV,Financial Services,-0.08,-0.67,3.34,40.34,2026-03-04 11:27:28
BAJAJHLDNG,Financial Services,15.32,29.33,5.23,,2026-03-04 11:27:28
BAJAJHFL,Financial Services,21.86,13.99,11.51,32.14,2026-03-04 11:27:28
BALKRISIND,Automobile and Auto Components,10.15,32.55,-0.84,16.36,2026-03-04 11:27:28
BALRAMCHIN,Fast Moving Consumer Goods,60.96,110.48,-12.97,10.82,2026-03-04 11:27:28
BANDHANBNK,Financial Services,-78.07,-44.73,-2.98,,2026-03-04 11:27:28
BANKBARODA,Financial Services,1.64,56.89,7.27,,2026-03-04 11:27:28
BANKINDIA,Financial Services,16.15,53.71,6.2,,2026-03-04 11:27:28
MAHABANK,Financial Services,34.98,19.58,5.79,,2026-03-04 11:27:28
BATAINDIA,Consumer Durables,27.17,27.12,0.3,11.44,2026-03-04 11:27:28
BAYERCROP,Chemicals,179.82,-37.33,-28.79,9.25,2026-03-04 11:27:28
BERGEPAINT,Consumer Durables,0.56,-13.82,-6.77,12.43,2026-03-04 11:27:28
BDL,Capital Goods,-50.44,-66.22,-52.18,1.22,2026-03-04 11:27:28
BEL,Capital Goods,44.55,62.81,61.13,27.84,2026-03-04 11:27:28
BHARATFORG,Automobile and Auto Components,24.18,-11.69,7.71,11.54,2026-03-04 11:27:28
BHEL,Capital Goods,267.78,185.71,54.42,5.52,2026-03-04 11:27:28
BPCL,Oil Gas & Consumable Fuels,212.92,5.11,5.76,8.16,2026-03-04 11:27:28
BHARTIARTL,Telecommunication,84.53,11.48,9.14,32.16,2026-03-04 11:27:28
BHARTIHEXA,Telecommunication,87.16,20.97,4.28,29.14,2026-03-04 11:27:28
BIKAJI,Fast Moving Consumer Goods,116.29,-22.06,-4.8,9.58,2026-03-04 11:27:28
BIOCON,Healthcare,472.91,70.18,-2.1,7.63,2026-03-04 11:27:28
BSOFT,Information Technology,-5.97,12.64,4.87,16.68,2026-03-04 11:27:28
BLUEDART,Services,8.74,39.93,12.08,8.43,2026-03-04 11:27:28
BLUEJET,Healthcare,-31.16,-55.94,-45.76,21.26,2026-03-04 11:27:28
BLUESTARCO,Consumer Durables,-16.15,-33.32,-1.91,5.98,2026-03-04 11:27:28
BBTC,Fast Moving Consumer Goods,-6.68,30.89,2.6,17.31,2026-03-04 11:27:28
BOSCHLTD,Automobile and Auto Components,16.11,-3.95,1.89,10.51,2026-03-04 11:27:28
FIRSTCRY,Consumer Services,-264.87,18.88,15.46,-0.27,2026-03-04 11:27:28
BRIGADE,Realty,56.77,24.45,22.95,21.0,2026-03-04 11:27:28
BRITANNIA,Fast Moving Consumer Goods,27.94,30.58,7.73,18.33,2026-03-04 11:27:28
MAPMYINDIA,Information Technology,-42.14,1.4,-17.66,20.36,2026-03-04 11:27:28
CCL,Fast Moving Consumer Goods,35.58,38.4,-0.48,13.89,2026-03-04 11:27:28
CESC,Power,-19.26,-26.36,-23.01,24.44,2026-03-04 11:27:28
CGPOWER,Capital Goods,28.91,5.79,10.33,10.92,2026-03-04 11:27:28
CRISIL,Financial Services,40.78,40.76,28.3,28.15,2026-03-04 11:27:28
CAMPUS,Consumer Durables,37.03,217.29,52.25,42.55,2026-03-04 11:27:28
CANFINHOME,Financial Services,25.2,18.27,15.11,,2026-03-04 11:27:28
CANBK,Financial Services,25.45,64.44,-46.63,,2026-03-04 11:27:28
CAPLIPOINT,Healthcare,25.29,7.25,6.38,31.4,2026-03-04 11:27:28
CGCL,Financial Services,163.38,46.05,17.58,21.59,2026-03-04 11:27:28
CARBORUNIV,Capital Goods,-34.47,22.67,5.48,7.54,2026-03-04 11:27:28
CASTROLIND,Oil Gas & Consumable Fuels,17.95,0.27,-3.8,23.85,2026-03-04 11:27:28
CEATLTD,Automobile and Auto Components,27.81,38.52,17.78,9.03,2026-03-04 11:27:28
CENTRALBK,Financial Services,36.85,-1.38,5.14,,2026-03-04 11:27:28
CDSL,Financial Services,-17.71,30.24,17.6,47.29,2026-03-04 11:27:28
CENTURYPLY,Consumer Durables,9.26,-7.3,-2.56,9.03,2026-03-04 11:27:28
CERA,Consumer Durables,-48.39,-58.22,2.27,8.27,2026-03-04 11:27:28
CHALET,Consumer Services,189.6,-38.92,-34.98,35.52,2026-03-04 11:27:28
CHAMBLFERT,Chemicals,9.33,6.82,3.52,12.43,2026-03-04 11:27:28
CHENNPETRO,Oil Gas & Consumable Fuels,258.06,2597.73,5.88,8.42,2026-03-04 11:27:28
CHOICEIN,Financial Services,41.28,36.82,29.71,35.81,2026-03-04 11:27:28
CHOLAHLDNG,Financial Services,28.7,13.79,3.29,23.75,2026-03-04 11:27:28
CHOLAFIN,Financial Services,33.29,13.37,12.3,,2026-03-04 11:27:28
CIPLA,Healthcare,-48.12,-47.92,1.84,14.03,2026-03-04 11:27:28
CUB,Financial Services,16.48,8.58,14.77,,2026-03-04 11:27:28
CLEAN,Chemicals,-21.89,-34.51,-9.55,24.09,2026-03-04 11:27:28
COALINDIA,Oil Gas & Consumable Fuels,13.81,-18.14,-3.33,23.08,2026-03-04 11:27:28
COCHINSHIP,Capital Goods,-18.26,34.54,20.72,11.38,2026-03-04 11:27:28
COFORGE,Information Technology,23.8,-21.17,13.54,13.36,2026-03-04 11:27:28
COHANCE,Healthcare,-76.01,-50.43,-1.98,8.89,2026-03-04 11:27:28
COLPAL,Fast Moving Consumer Goods,-18.02,1.01,3.68,27.55,2026-03-04 11:27:28
CAMS,Financial Services,0.04,,,39.36,2026-03-04 11:27:28
CONCORDBIO,Healthcare,-16.17,0.92,12.43,28.89,2026-03-04 11:27:28
CONCOR,Services,-8.93,-11.83,-2.0,15.62,2026-03-04 11:27:28
COROMANDEL,Chemicals,-23.82,0.17,24.67,7.44,2026-03-04 11:27:28
CRAFTSMAN,Automobile and Auto Components,728.38,17.88,2.78,9.59,2026-03-04 11:27:28
CREDITACC,Financial Services,35.49,318.82,3.83,44.79,2026-03-04 11:27:28
CROMPTON,Consumer Durables,-21.29,-19.61,-5.01,7.99,2026-03-04 11:27:28
CUMMINSIND,Capital Goods,8.16,-19.51,5.16,19.43,2026-03-04 11:27:28
CYIENT,Information Technology,-48.74,-40.31,7.99,9.04,2026-03-04 11:27:28
DCMSHRIRAM,Diversified,237.11,87.08,16.53,10.5,2026-03-04 11:27:28
DLF,Realty,-12.87,57.78,-25.64,17.81,2026-03-04 11:27:28
DOMS,Fast Moving Consumer Goods,14.13,-0.63,4.28,13.67,2026-03-04 11:27:28
DABUR,Fast Moving Consumer Goods,31.76,8.96,4.53,17.34,2026-03-04 11:27:28
DALBHARAT,Construction Materials,165.22,-68.96,-3.58,7.47,2026-03-04 11:27:28
DATAPATTNS,Capital Goods,30.54,18.52,-43.69,43.13,2026-03-04 11:27:28
DEEPAKFERT,Chemicals,-32.65,-41.81,6.44,8.65,2026-03-04 11:27:28
DEEPAKNTR,Chemicals,1.73,-15.94,3.84,7.76,2026-03-04 11:27:28
DELHIVERY,Services,287.98,-56.52,22.27,0.79,2026-03-04 11:27:28
DEVYANI,Consumer Services,-61211.76,-381.7,6.18,4.17,2026-03-04 11:27:28
DIVISLAB,Healthcare,14.31,6.97,8.05,29.65,2026-03-04 11:27:28
DIXON,Consumer Durables,-26.32,27.69,-16.86,2.96,2026-03-04 11:27:28
AGARWALEYE,Healthcare,51.03,,,14.22,2026-03-04 11:27:28
LALPATHLAB,Healthcare,-6.41,,,20.79,2026-03-04 11:27:28
DRREDDY,Healthcare,-14.4,-15.82,-0.89,16.42,2026-03-04 11:27:28
EIDPARRY,Fast Moving Consumer Goods,19.13,-45.3,-11.26,6.12,2026-03-04 11:27:28
EIHOTEL,Consumer Services,-8.1,113.62,45.98,38.91,2026-03-04 11:27:28
EICHERMOT,Automobile and Auto Components,21.37,3.74,-1.18,22.43,2026-03-04 11:27:28
ELECON,Capital Goods,-17.93,-58.97,12.47,14.85,2026-03-04 11:27:28
ELGIEQUIP,Capital Goods,18.11,-21.58,3.66,12.22,2026-03-04 11:27:28
EMAMILTD,Fast Moving Consumer Goods,14.51,115.36,44.24,29.42,2026-03-04 11:27:28
EMCURE,Healthcare,49.97,-5.31,4.13,15.04,2026-03-04 11:27:28
ENDURANCE,Automobile and Auto Components,20.2,-2.48,0.71,8.29,2026-03-04 11:27:28
ENGINERSIN,Construction,219.29,315.84,31.36,28.26,2026-03-04 11:27:28
ERIS,Healthcare,19.24,-17.03,1.36,26.38,2026-03-04 11:27:28
ESCORTS,Capital Goods,10.5,-74.35,31.22,11.29,2026-03-04 11:27:28
ETERNAL,Consumer Services,-42.05,308.0,127.64,-0.44,2026-03-04 11:27:28
EXIDEIND,Automobile and Auto Components,23.72,12.84,-3.76,7.21,2026-03-04 11:27:28
NYKAA,Consumer Services,142.38,83.88,22.48,5.18,2026-03-04 11:27:28
FEDERALBNK,Financial Services,-0.2,19.14,8.65,,2026-03-04 11:27:28
FACT,Chemicals,-707.33,-1686.45,50.35,-3.28,2026-03-04 11:27:28
FINCABLES,Capital Goods,11.4,0.85,16.2,8.92,2026-03-04 11:27:28
FINPIPE,Capital Goods,23.46,-6.05,4.53,10.76,2026-03-04 11:27:28
FSL,Services,-12.94,-28.94,11.1,11.81,2026-03-04 11:27:28
FIVESTAR,Financial Services,3.39,4.02,4.28,50.92,2026-03-04 11:27:28
FORCEMOT,Automobile and Auto Components,252.19,15.81,2.27,14.15,2026-03-04 11:27:28
FORTIS,Healthcare,-21.85,-39.82,-2.85,17.02,2026-03-04 11:27:28
GAIL,Oil Gas & Consumable Fuels,-34.8,-25.87,-0.39,4.93,2026-03-04 11:27:28
GVT&D,Capital Goods,101.08,-0.14,27.86,26.05,2026-03-04 11:27:28
GMRAIRPORT,Services,-54.33,428.47,8.83,31.31,2026-03-04 11:27:28
GRSE,Capital Goods,74.66,42.1,44.72,8.42,2026-03-04 11:27:28
GICRE,Financial Services,2.92,-39.95,-3.34,,2026-03-04 11:27:28
GILLETTE,Fast Moving Consumer Goods,25.63,-8.19,-7.92,26.86,2026-03-04 11:27:28
GLAND,Healthcare,59.89,21.34,12.6,19.3,2026-03-04 11:27:28
GLAXO,Healthcare,17.08,44.2,29.32,33.71,2026-03-04 11:27:28
GLENMARK,Healthcare,15.88,-33.94,-35.24,18.4,2026-03-04 11:27:28
MEDANTA,Healthcare,-33.51,-40.03,1.99,13.93,2026-03-04 11:27:28
GODIGIT,Financial Services,56.58,1.27,14.96,,2026-03-04 11:27:28
GPIL,Capital Goods,-1.06,-11.27,-12.86,16.24,2026-03-04 11:27:28
GODFRYPHLP,Fast Moving Consumer Goods,38.24,-3.65,23.24,19.21,2026-03-04 11:27:28
GODREJAGRO,Fast Moving Consumer Goods,2.24,-28.47,4.22,6.84,2026-03-04 11:27:28
GODREJCP,Fast Moving Consumer Goods,1.34,10.05,12.02,19.95,2026-03-04 11:27:28
GODREJIND,Diversified,8.69,-15.64,0.38,8.28,2026-03-04 11:27:28
GODREJPROP,Realty,-41.78,-67.48,14.68,-43.0,2026-03-04 11:27:28
GRANULES,Healthcare,27.73,15.01,6.44,17.02,2026-03-04 11:27:28
GRAPHITE,Capital Goods,440.0,-11.69,-11.93,2.8,2026-03-04 11:27:28
GRASIM,Construction Materials,229.46,-26.93,10.45,8.97,2026-03-04 11:27:28
GRAVITA,Metals & Mining,35.65,4.73,-2.2,10.81,2026-03-04 11:27:28
GESHIP,Services,36.87,39.75,17.13,38.18,2026-03-04 11:27:28
FLUOROCHEM,Chemicals,-18.25,-42.46,-6.12,14.7,2026-03-04 11:27:28
GUJGASLTD,Oil Gas & Consumable Fuels,20.75,-4.64,-3.23,8.53,2026-03-04 11:27:28
GMDCLTD,Metals & Mining,-9.89,-71.43,9.77,13.59,2026-03-04 11:27:28
GSPL,Oil Gas & Consumable Fuels,9.66,-1.54,-3.07,10.92,2026-03-04 11:27:28
HEG,Capital Goods,148.17,44.4,-6.13,33.99,2026-03-04 11:27:28
HBLENGINE,Capital Goods,241.43,-43.04,-28.53,33.19,2026-03-04 11:27:28
HCLTECH,Information Technology,-11.22,,,18.56,2026-03-04 11:27:28
HDFCAMC,Financial Services,19.97,,,79.81,2026-03-04 11:27:28
HDFCBANK,Financial Services,-1.32,5.62,-10.45,,2026-03-04 11:27:28
HDFCLIFE,Financial Services,-3.9,-23.74,-0.17,,2026-03-04 11:27:28
HFCL,Telecommunication,32.12,402.79,39.01,15.22,2026-03-04 11:27:28
HAPPSTMNDS,Information Technology,-18.62,-29.46,6.85,14.47,2026-03-04 11:27:28
HAVELLS,Consumer Durables,12.14,-13.5,2.43,7.33,2026-03-04 11:27:28
HEROMOTOCO,Automobile and Auto Components,14.45,-3.16,2.2,13.03,2026-03-04 11:27:28
HEXT,Information Technology,6.03,-23.16,6.67,38.0,2026-03-04 11:27:28
HSCL,Chemicals,41.99,5.78,5.84,19.87,2026-03-04 11:27:28
HINDALCO,Metals & Mining,-45.14,-56.78,0.7,8.65,2026-03-04 11:27:28
HAL,Capital Goods,29.65,11.84,16.15,20.32,2026-03-04 11:27:28
HINDCOPPER,Metals & Mining,148.5,-15.0,-4.28,28.6,2026-03-04 11:27:28
HINDPETRO,Oil Gas & Consumable Fuels,2711.66,-2.42,3.95,4.64,2026-03-04 11:27:28
HINDUNILVR,Fast Moving Consumer Goods,155.0,139.73,-0.54,21.26,2026-03-04 11:27:28
HINDZINC,Metals & Mining,68.29,75.29,39.99,48.06,2026-03-04 11:27:28
POWERINDIA,Capital Goods,399.94,98.65,41.41,15.77,2026-03-04 11:27:28
HOMEFIRST,Financial Services,52.02,17.92,8.53,36.47,2026-03-04 11:27:28
HONASA,Fast Moving Consumer Goods,92.9,27.97,11.8,9.05,2026-03-04 11:27:28
HONAUT,Capital Goods,5.3,-2.73,-1.22,11.54,2026-03-04 11:27:28
HUDCO,Financial Services,-3.0,0.45,-21.27,,2026-03-04 11:27:28
HYUNDAI,Automobile and Auto Components,-17.14,-9.85,8.89,8.23,2026-03-04 11:27:28
ICICIBANK,Financial Services,-2.68,-6.13,1.44,,2026-03-04 11:27:28
ICICIGI,Financial Services,-5.07,-11.82,7.48,,2026-03-04 11:27:28
ICICIPRULI,Financial Services,54.25,28.63,-10.09,,2026-03-04 11:27:28
IDBI,Financial Services,5.01,-3.22,-3.4,,2026-03-04 11:27:28
IDFCFIRSTB,Financial Services,125.84,5.55,6.39,,2026-03-04 11:27:28
IFCI,Financial Services,50.29,-110.66,-45.43,,2026-03-04 11:27:28
IIFL,Financial Services,394.46,98.97,18.71,,2026-03-04 11:27:28
INOXINDIA,Capital Goods,22.64,-0.69,26.19,19.76,2026-03-04 11:27:28
IRB,Construction,-96.5,49.68,2.92,23.61,2026-03-04 11:27:28
IRCON,Construction,16.25,-27.4,7.2,5.48,2026-03-04 11:27:28
ITCHOTELS,Consumer Services,9.38,,47.14,29.64,2026-03-04 11:27:28
ITC,Fast Moving Consumer Goods,-1.24,-5.97,-6.81,32.39,2026-03-04 11:27:28
ITI,Telecommunication,48.18,53.4,-5.29,2.78,2026-03-04 11:27:28
INDGN,Healthcare,12.21,-11.6,23.83,12.73,2026-03-04 11:27:28
INDIACEM,Construction Materials,99.21,97.99,8.74,0.39,2026-03-04 11:27:28
INDIAMART,Consumer Services,55.62,,,31.57,2026-03-04 11:27:28
INDIANB,Financial Services,12.4,38.24,7.91,,2026-03-04 11:27:28
IEX,Financial Services,9.95,-1.32,2.76,79.56,2026-03-04 11:27:28
INDHOTEL,Consumer Services,62.87,204.76,39.24,32.57,2026-03-04 11:27:28
IOC,Oil Gas & Consumable Fuels,7770.08,90.89,6.66,9.14,2026-03-04 11:27:28
IOB,Financial Services,83.06,21.1,13.46,,2026-03-04 11:27:28
IRCTC,Consumer Services,15.61,15.29,26.48,31.26,2026-03-04 11:27:28
IRFC,Financial Services,11.75,3.24,-3.53,27.09,2026-03-04 11:27:28
IREDA,Financial Services,50.91,137.02,10.23,38.49,2026-03-04 11:27:28
IGL,Oil Gas & Consumable Fuels,20.58,1.93,1.1,8.33,2026-03-04 11:27:28
INDUSTOWER,Telecommunication,-20.13,2.25,1.1,33.27,2026-03-04 11:27:28
INDUSINDBK,Financial Services,-90.39,-78.81,-7.77,,2026-03-04 11:27:28
NAUKRI,Consumer Services,12.0,-14.12,1.73,32.2,2026-03-04 11:27:28
INFY,Information Technology,-7.09,-10.97,0.45,18.49,2026-03-04 11:27:28
INOXWIND,Capital Goods,0.63,27.95,7.89,18.95,2026-03-04 11:27:28
INTELLECT,Information Technology,-46.13,-69.89,4.23,6.43,2026-03-04 11:27:28
INDIGO,Services,155.72,-74.74,14.52,15.76,2026-03-04 11:27:28
IGIL,Services,22.77,3.67,5.24,56.1,2026-03-04 11:27:28
IKS,Information Technology,62.1,20.98,10.11,30.62,2026-03-04 11:27:28
IPCALAB,Healthcare,31.49,15.47,-6.42,17.8,2026-03-04 11:27:28
JBCHEPHARM,Healthcare,21.79,-4.78,-1.86,23.52,2026-03-04 11:27:28
JKCEMENT,Construction Materials,75.07,-9.97,4.92,16.14,2026-03-04 11:27:28
JBMA,Automobile and Auto Components,11.27,49.76,28.72,8.1,2026-03-04 11:27:28
JKTYRE,Automobile and Auto Components,53.84,25.64,9.15,10.69,2026-03-04 11:27:28
JMFINANCIL,Financial Services,34.73,-31.07,-16.13,,2026-03-04 11:27:28
JSWCEMENT,Construction Materials,320.67,64.4,12.86,12.57,2026-03-04 11:27:28
JSWENERGY,Power,-50.78,-43.49,-20.64,29.42,2026-03-04 11:27:28
JSWINFRA,Services,-3.34,-6.65,10.28,35.54,2026-03-04 11:27:28
JSWSTEEL,Metals & Mining,387.24,-2.06,6.5,9.14,2026-03-04 11:27:28
JPPOWER,Power,-97.94,-98.64,-27.01,4.68,2026-03-04 11:27:28
J&KBANK,Financial Services,5.19,20.01,3.05,,2026-03-04 11:27:28
JINDALSAW,Capital Goods,-48.36,-39.16,21.02,9.26,2026-03-04 11:27:28
JSL,Metals & Mining,26.56,2.71,-3.44,10.83,2026-03-04 11:27:28
JINDALSTEL,Metals & Mining,-77.88,-87.25,6.06,6.07,2026-03-04 11:27:28
JIOFIN,Financial Services,-60.96,-17.15,64.82,79.75,2026-03-04 11:27:28
JUBLFOOD,Consumer Services,65.22,-61.89,4.15,9.6,2026-03-04 11:27:28
JUBLINGREA,Chemicals,-20.51,-37.55,1.0,7.84,2026-03-04 11:27:28
JUBLPHARMA,Healthcare,-45.62,-45.68,12.62,7.98,2026-03-04 11:27:28
JWL,Capital Goods,-35.28,35.3,13.3,11.15,2026-03-04 11:27:28
JYOTHYLAB,Fast Moving Consumer Goods,-7.2,-7.57,0.48,12.87,2026-03-04 11:27:28
JYOTICNC,Capital Goods,10.31,3.52,13.39,24.54,2026-03-04 11:27:28
KPRMILL,Textiles,1.76,-1.93,-16.6,17.09,2026-03-04 11:27:28
KEI,Capital Goods,51.71,19.98,14.07,10.07,2026-03-04 11:27:28
KPITTECH,Information Technology,-28.7,-21.16,1.87,31.6,2026-03-04 11:27:28
KSB,Capital Goods,9.4,-4.12,-2.56,10.78,2026-03-04 11:27:28
KAJARIACER,Consumer Durables,4.09,-19.51,5.94,13.67,2026-03-04 11:27:28
KPIL,Construction,21.25,-28.77,8.01,5.78,2026-03-04 11:27:28
KALYANKJIL,Consumer Durables,90.24,59.8,31.66,6.2,2026-03-04 11:27:28
KARURVYSYA,Financial Services,45.68,32.32,14.52,,2026-03-04 11:27:28
KAYNES,Capital Goods,27.3,2.72,19.39,12.3,2026-03-04 11:27:28
KEC,Construction,-1.62,-20.71,-1.48,6.33,2026-03-04 11:27:28
KFINTECH,Financial Services,2.99,19.07,35.33,34.61,2026-03-04 11:27:28
KIRLOSBROS,Capital Goods,29.89,86.36,14.01,10.45,2026-03-04 11:27:28
KIRLOSENG,Capital Goods,56.21,-31.44,-3.89,15.39,2026-03-04 11:27:28
KOTAKBANK,Financial Services,4.75,,,,2026-03-04 11:27:28
KIMS,Healthcare,-39.8,-20.18,3.85,12.05,2026-03-04 11:27:28
KWIL,Fast Moving Consumer Goods,,,,,2026-03-04 11:27:28
LTF,Financial Services,6.19,5.35,7.23,,2026-03-04 11:27:28
LTTS,Information Technology,-5.32,-4.15,2.01,14.61,2026-03-04 11:27:28
LICHSGFIN,Financial Services,5.3,2.5,2.76,,2026-03-04 11:27:28
LTFOODS,Fast Moving Consumer Goods,6.04,-6.62,14.01,8.95,2026-03-04 11:27:28
LTIM,Information Technology,-22.41,-22.61,9.56,16.11,2026-03-04 11:27:28
LT,Construction,-5.31,-11.12,12.2,8.88,2026-03-04 11:27:28
LATENTVIEW,Information Technology,23.19,-0.83,17.79,18.58,2026-03-04 11:27:28
LAURUSLABS,Healthcare,1168.45,54.37,13.3,20.22,2026-03-04 11:27:28
THELEELA,Consumer Services,,1586.98,66.47,45.57,2026-03-04 11:27:28
LEMONTREE,Consumer Services,0.28,81.11,32.58,41.84,2026-03-04 11:27:28
LICI,Financial Services,67.3,18.01,4.96,,2026-03-04 11:27:28
LINDEINDIA,Chemicals,81.66,80.36,22.76,27.84,2026-03-04 11:27:28
LLOYDSME,Metals & Mining,169.05,82.99,38.66,32.05,2026-03-04 11:27:28
LODHA,Realty,126.27,41.83,33.82,28.2,2026-03-04 11:27:28
LUPIN,Healthcare,37.87,-3.57,15.2,26.71,2026-03-04 11:27:28
MMTC,Services,1164.21,-72.91,-69.09,-7047.06,2026-03-04 11:27:28
MRF,Automobile and Auto Components,119.31,31.62,9.1,11.94,2026-03-04 11:27:28
MGL,Oil Gas & Consumable Fuels,-29.86,-36.72,-1.09,12.06,2026-03-04 11:27:28
MAHSCOOTER,Financial Services,24.85,,,86.18,2026-03-04 11:27:28
MAHSEAMLES,Capital Goods,10.35,5.44,-4.8,11.33,2026-03-04 11:27:28
M&MFIN,Financial Services,111.64,56.13,15.57,,2026-03-04 11:27:28
M&M,Automobile and Auto Components,47.43,14.48,13.52,14.5,2026-03-04 11:27:28
MANAPPURAM,Financial Services,-57.76,74.2,0.54,,2026-03-04 11:27:28
MRPL,Oil Gas & Consumable Fuels,308.18,636.06,42.38,9.69,2026-03-04 11:27:28
MANKIND,Healthcare,-37.45,-6.75,-0.09,19.53,2026-03-04 11:27:28
MARICO,Fast Moving Consumer Goods,12.03,6.43,1.58,15.32,2026-03-04 11:27:28
MARUTI,Automobile and Auto Components,25.03,2.29,29.8,8.07,2026-03-04 11:27:28
MFSL,Financial Services,-34.76,787.38,45.6,0.6,2026-03-04 11:27:28
MAXHEALTH,Healthcare,26.01,-38.75,-3.18,20.66,2026-03-04 11:27:28
MAZDOCK,Capital Goods,50.37,94.58,37.15,23.99,2026-03-04 11:27:28
METROPOLIS,Healthcare,-11.03,-8.16,5.14,15.51,2026-03-04 11:27:28
MINDACORP,Automobile and Auto Components,15.28,31.22,12.58,8.06,2026-03-04 11:27:28
MSUMI,Automobile and Auto Components,,4.43,15.52,7.18,2026-03-04 11:27:28
MOTILALOFS,Financial Services,-49.47,-51.3,13.98,56.81,2026-03-04 11:27:28
MPHASIS,Information Technology,4.45,0.11,7.24,15.21,2026-03-04 11:27:28
MCX,Financial Services,150.64,,,71.1,2026-03-04 11:27:28
MUTHOOTFIN,Financial Services,101.85,15.84,11.74,,2026-03-04 11:27:28
NATCOPHARM,Healthcare,13.91,-70.78,-52.51,17.38,2026-03-04 11:27:28
NBCC,Construction,39.37,25.72,3.86,4.32,2026-03-04 11:27:28
NCC,Construction,-24.86,-36.27,-6.0,7.76,2026-03-04 11:27:28
NHPC,Power,-75.65,-79.43,-30.9,-11.03,2026-03-04 11:27:28
NLCINDIA,Power,-26.96,-16.49,16.14,19.87,2026-03-04 11:27:28
NMDC,Metals & Mining,44.98,-10.73,12.94,26.77,2026-03-04 11:27:28
NSLNISP,Metals & Mining,67.8,-112.55,-11.27,-5.13,2026-03-04 11:27:28
NTPCGREEN,Power,-54.05,-92.07,-3.96,40.98,2026-03-04 11:27:28
NTPC,Power,4.06,-8.68,-2.59,20.67,2026-03-04 11:27:28
NH,Healthcare,-34.33,-50.96,30.87,11.39,2026-03-04 11:27:28
NATIONALUM,Metals & Mining,1.84,11.55,10.22,42.15,2026-03-04 11:27:28
NAVA,Power,-11.32,71.44,2.84,32.99,2026-03-04 11:27:28
NAVINFLUOR,Chemicals,215.2,58.25,23.02,30.41,2026-03-04 11:27:28
NESTLEIND,Fast Moving Consumer Goods,11.0,54.41,11.23,18.21,2026-03-04 11:27:28
NETWEB,Information Technology,,,,,2026-03-04 11:27:28
NEULANDLAB,Healthcare,-60.06,-58.11,-14.5,12.1,2026-03-04 11:27:28
NEWGEN,Information Technology,-10.69,26.34,24.83,24.28,2026-03-04 11:27:28
NAM-INDIA,Financial Services,12.16,1.96,16.27,65.12,2026-03-04 11:27:28
NIVABUPA,Financial Services,-365.67,4.16,17.5,,2026-03-04 11:27:28
NUVAMA,Financial Services,0.67,,,4.58,2026-03-04 11:27:28
NUVOCO,Construction Materials,157.59,-63.16,-5.97,5.94,2026-03-04 11:27:28
OBEROIRLTY,Realty,5.63,47.81,51.15,55.24,2026-03-04 11:27:28
ONGC,Oil Gas & Consumable Fuels,16.67,-7.13,6.02,18.84,2026-03-04 11:27:28
OIL,Oil Gas & Consumable Fuels,-10.74,-16.36,-0.76,21.56,2026-03-04 11:27:28
OLAELEC,Automobile and Auto Components,1.62,-13.79,-43.24,-93.83,2026-03-04 11:27:28
OLECTRA,Automobile and Auto Components,0.15,-6.36,1.06,12.11,2026-03-04 11:27:28
PAYTM,Financial Services,-75.75,83.67,14.42,1.05,2026-03-04 11:27:28
ONESOURCE,Healthcare,-28.83,-945.96,-22.73,-18.02,2026-03-04 11:27:28
OFSS,Information Technology,5.52,-5.03,6.14,40.89,2026-03-04 11:27:28
POLICYBZR,Financial Services,273.75,123.88,31.39,7.06,2026-03-04 11:27:28
PCBL,Chemicals,-98.35,-97.84,-12.7,6.56,2026-03-04 11:27:28
PGEL,Consumer Durables,56.68,2145.05,115.47,6.72,2026-03-04 11:27:28
PIIND,Chemicals,-16.47,-23.94,-26.52,14.93,2026-03-04 11:27:28
PNBHOUSING,Financial Services,10.79,-2.46,2.42,,2026-03-04 11:27:28
PTCIL,Capital Goods,28.86,1.19,24.8,9.85,2026-03-04 11:27:28
PVRINOX,Media Entertainment & Publication,911.02,277.22,27.96,16.23,2026-03-04 11:27:28
PAGEIND,Textiles,-7.39,-2.68,7.43,21.02,2026-03-04 11:27:28
PATANJALI,Fast Moving Consumer Goods,92.31,229.03,17.8,3.55,2026-03-04 11:27:28
PERSISTENT,Information Technology,35.22,3.42,13.34,16.74,2026-03-04 11:27:28
PETRONET,Oil Gas & Consumable Fuels,-3.56,4.73,1.41,10.23,2026-03-04 11:27:28
PFIZER,Healthcare,11.16,-24.96,0.42,33.17,2026-03-04 11:27:28
PHOENIXLTD,Realty,26.45,14.59,17.65,50.84,2026-03-04 11:27:28
PIDILITIND,Chemicals,15.61,-8.09,-1.15,21.39,2026-03-04 11:27:28
PPLPHARMA,Healthcare,-702.88,-66.7,10.66,-0.79,2026-03-04 11:27:28
POLYMED,Healthcare,-16.78,-22.76,11.21,-15.06,2026-03-04 11:27:28
POLYCAB,Capital Goods,41.35,4.99,26.56,11.58,2026-03-04 11:27:28
POONAWALLA,Financial Services,131.89,139.97,42.24,27.3,2026-03-04 11:27:28
PFC,Financial Services,7.95,9.56,2.29,,2026-03-04 11:27:28
POWERGRID,Power,10.33,15.27,10.71,58.66,2026-03-04 11:27:28
PRAJIND,Capital Goods,-123.01,-331.99,31.44,2.47,2026-03-04 11:27:28
PREMIERENE,Capital Goods,90.2,27.26,6.36,27.01,2026-03-04 11:27:28
PRESTIGE,Realty,1157.63,-48.27,59.25,16.18,2026-03-04 11:27:28
PGHH,Fast Moving Consumer Goods,12.24,43.65,9.67,31.14,2026-03-04 11:27:28
PNB,Financial Services,17.86,162.09,-2.67,,2026-03-04 11:27:28
RRKABEL,Capital Goods,138.74,31.73,23.18,7.11,2026-03-04 11:27:28
RBLBANK,Financial Services,-1.62,6.41,6.16,,2026-03-04 11:27:28
RECLTD,Financial Services,0.36,-9.25,4.78,,2026-03-04 11:27:28
RHIM,Capital Goods,29.49,60.53,5.47,8.55,2026-03-04 11:27:28
RITES,Construction,1.9,3.85,10.91,20.58,2026-03-04 11:27:28
RADICO,Fast Moving Consumer Goods,92.07,18.7,2.7,14.87,2026-03-04 11:27:28
RVNL,Construction,3.66,40.18,-8.56,4.52,2026-03-04 11:27:28
RAILTEL,Telecommunication,-14.1,-5.6,22.81,9.25,2026-03-04 11:27:28
RAINBOW,Healthcare,5.6,-3.61,0.15,24.11,2026-03-04 11:27:28
RKFORGE,Automobile and Auto Components,-35.13,242.78,21.04,7.19,2026-03-04 11:27:28
RCF,Chemicals,0.9,-23.16,-19.96,4.0,2026-03-04 11:27:28
REDINGTON,Services,48.8,58.32,19.15,1.9,2026-03-04 11:27:28
RELIANCE,Oil Gas & Consumable Fuels,12.57,-30.93,8.73,11.85,2026-03-04 11:27:28
RELINFRA,Power,100.34,-99.42,-31.09,10.81,2026-03-04 11:27:28
RPOWER,Power,-40.14,-71.24,-5.13,21.06,2026-03-04 11:27:28
SBFC,Financial Services,40.55,17.0,12.03,45.0,2026-03-04 11:27:28
SBICARD,Financial Services,37.64,0.12,4.62,,2026-03-04 11:27:28
SBILIFE,Financial Services,8.94,-2.97,18.19,,2026-03-04 11:27:28
SJVN,Power,50.56,-27.13,4.8,57.43,2026-03-04 11:27:28
SRF,Chemicals,114.8,0.08,-3.4,16.7,2026-03-04 11:27:28
SAGILITY,Information Technology,1100.57,80.17,28.08,19.66,2026-03-04 11:27:28
SAILIFE,Healthcare,141.81,66.03,12.1,25.84,2026-03-04 11:27:28
SAMMAANCAP,Financial Services,111.38,-6.05,28.54,80.36,2026-03-04 11:27:28
MOTHERSON,Automobile and Auto Components,16.51,23.78,4.38,5.52,2026-03-04 11:27:28
SAPPHIRE,Consumer Services,-57.72,-166.41,4.76,3.96,2026-03-04 11:27:28
SARDAEN,Metals & Mining,-3.54,-41.09,-16.86,18.18,2026-03-04 11:27:28
SAREGAMA,Media Entertainment & Publication,14.16,39.83,25.93,27.02,2026-03-04 11:27:28
SCHAEFFLER,Automobile and Auto Components,36.36,12.28,15.8,14.39,2026-03-04 11:27:28
SCHNEIDER,Capital Goods,-12.21,85.45,58.3,15.95,2026-03-04 11:27:28
SCI,Services,436.24,114.09,20.38,25.24,2026-03-04 11:27:28
SHREECEM,Construction Materials,248.9,-58.5,-9.1,4.95,2026-03-04 11:27:28
SHRIRAMFIN,Financial Services,18.19,17.15,12.24,,2026-03-04 11:27:28
SHYAMMETL,Capital Goods,-0.24,-24.65,-0.8,6.14,2026-03-04 11:27:28
ENRIN,Capital Goods,114.61,-12.99,-26.55,29.26,2026-03-04 11:27:28
SIEMENS,Capital Goods,-54.86,-42.81,-25.92,9.15,2026-03-04 11:27:28
SIGNATURE,Realty,-255.72,3.25,-15.97,-25.02,2026-03-04 11:27:28
SOBHA,Realty,-40.86,13.29,10.7,1.17,2026-03-04 11:27:28
SOLARINDS,Chemicals,41.73,29.36,22.38,25.32,2026-03-04 11:27:28
SONACOMS,Automobile and Auto Components,4.74,20.9,40.5,18.43,2026-03-04 11:27:28
SONATSOFTW,Information Technology,-0.62,-13.17,45.36,5.64,2026-03-04 11:27:28
STARHEALTH,Financial Services,15.21,-51.16,7.9,,2026-03-04 11:27:28
SBIN,Financial Services,13.07,,,,2026-03-04 11:27:28
SAIL,Metals & Mining,-58.31,-49.77,5.59,2.85,2026-03-04 11:27:28
SUMICHEM,Chemicals,-60.67,-57.59,-46.25,14.57,2026-03-04 11:27:28
SUNPHARMA,Healthcare,10.81,47.84,12.21,26.26,2026-03-04 11:27:28
SUNTV,Media Entertainment & Publication,-10.83,-8.54,-33.67,35.54,2026-03-04 11:27:28
SUNDARMFIN,Financial Services,24.12,13.92,10.37,,2026-03-04 11:27:28
SUNDRMFAST,Automobile and Auto Components,-8.36,-11.99,0.5,11.86,2026-03-04 11:27:28
SUPREMEIND,Capital Goods,-25.76,-24.19,2.98,7.6,2026-03-04 11:27:28
SUZLON,Capital Goods,122.42,37.3,35.63,15.64,2026-03-04 11:27:28
SWANCORP,Chemicals,-101.69,-158.7,1.03,-0.5,2026-03-04 11:27:28
SWIGGY,Consumer Services,-33.29,,,-17.81,2026-03-04 11:27:28
SYNGENE,Healthcare,-85.86,-82.7,4.87,12.94,2026-03-04 11:27:28
SYRMA,Capital Goods,110.65,60.45,10.32,11.0,2026-03-04 11:27:28
TBOTEK,Consumer Services,-10.64,-14.73,53.41,10.3,2026-03-04 11:27:28
TVSMOTOR,Automobile and Auto Components,50.1,37.91,20.85,13.2,2026-03-04 11:27:28
TATACHEM,Chemicals,-147.94,-136.9,-4.54,1.46,2026-03-04 11:27:28
TATACOMM,Telecommunication,60.75,92.27,3.84,7.7,2026-03-04 11:27:28
TCS,Information Technology,-10.51,-16.48,5.75,25.17,2026-03-04 11:27:28
TATACONSUM,Fast Moving Consumer Goods,5.54,15.1,6.97,10.98,2026-03-04 11:27:28
TATAELXSI,Information Technology,-52.54,-24.57,6.88,20.92,2026-03-04 11:27:28
TATAINVEST,Financial Services,-39.05,-48.47,-48.87,,2026-03-04 11:27:28
TMPV,Automobile and Auto Components,-164.48,-104.58,-2.94,-17.05,2026-03-04 11:27:28
TATAPOWER,Power,-25.1,-16.04,-10.27,13.24,2026-03-04 11:27:28
TATASTEEL,Metals & Mining,723.14,-13.32,-2.7,9.09,2026-03-04 11:27:28
TATATECH,Information Technology,-95.78,-96.1,9.76,11.48,2026-03-04 11:27:28
TTML,Telecommunication,54.47,53.71,3.54,46.93,2026-03-04 11:27:28
TECHM,Information Technology,-10.25,-1.63,7.8,13.14,2026-03-04 11:27:28
TECHNOE,Construction,24.23,14.68,3.41,13.38,2026-03-04 11:27:28
TEJASNET,Telecommunication,-171.43,-1.38,51.71,-37.24,2026-03-04 11:27:28
NIACL,Financial Services,8.85,602.83,-10.28,,2026-03-04 11:27:28
RAMCOCEM,Construction Materials,1400.35,353.48,1.53,4.51,2026-03-04 11:27:28
THERMAX,Capital Goods,76.17,70.63,6.5,7.65,2026-03-04 11:27:28
TIMKEN,Capital Goods,-39.35,-47.66,-3.6,9.22,2026-03-04 11:27:28
TITAGARH,Capital Goods,-23.48,30.16,4.13,9.56,2026-03-04 11:27:28
TITAN,Consumer Durables,139.2,54.35,68.19,10.06,2026-03-04 11:27:28
TORNTPHARM,Healthcare,26.24,7.45,0.15,27.13,2026-03-04 11:27:28
TORNTPOWER,Power,35.2,-11.14,-13.94,14.61,2026-03-04 11:27:28
TARIL,Capital Goods,34.94,117.78,60.15,15.87,2026-03-04 11:27:28
TRENT,Consumer Services,3.12,36.06,10.95,13.36,2026-03-04 11:27:28
TRIDENT,Textiles,-44.77,-51.35,-11.9,4.29,2026-03-04 11:27:28
TRIVENI,Fast Moving Consumer Goods,538.12,1807.48,-7.51,7.75,2026-03-04 11:27:28
TRITURBINE,Capital Goods,-0.32,0.99,23.27,19.98,2026-03-04 11:27:28
TIINDIA,Automobile and Auto Components,-19.79,-16.6,9.3,7.28,2026-03-04 11:27:28
UCOBANK,Financial Services,,3.99,-58.86,,2026-03-04 11:27:28
UNOMINDA,Automobile and Auto Components,18.95,-9.0,4.24,7.46,2026-03-04 11:27:28
UPL,Chemicals,189.39,550.0,33.13,13.62,2026-03-04 11:27:28
UTIAMC,Financial Services,-49.42,-48.93,4.07,42.37,2026-03-04 11:27:28
ULTRACEMCO,Construction Materials,145.5,-22.49,2.61,12.52,2026-03-04 11:27:28
UNIONBANK,Financial Services,6.77,14.56,3.68,,2026-03-04 11:27:28
UBL,Fast Moving Consumer Goods,-38.72,-55.95,-27.64,7.56,2026-03-04 11:27:28
UNITDSPR,Fast Moving Consumer Goods,22.58,0.24,22.28,14.05,2026-03-04 11:27:28
USHAMART,Capital Goods,16.18,6.56,3.37,16.04,2026-03-04 11:27:28
VGUARD,Consumer Durables,-9.99,-22.74,-4.27,6.89,2026-03-04 11:27:28
DBREALTY,Consumer Services,1264.42,518.29,286.68,43.19,2026-03-04 11:27:28
VTL,Textiles,-15.5,-19.71,5.02,6.63,2026-03-04 11:27:28
VBL,Fast Moving Consumer Goods,-59.36,-80.88,-40.09,7.35,2026-03-04 11:27:28
MANYAVAR,Consumer Services,101.64,92.01,74.86,35.36,2026-03-04 11:27:28
VEDL,Metals & Mining,31.2,79.28,-38.61,23.68,2026-03-04 11:27:28
VENTIVE,Consumer Services,423.74,121.82,40.09,33.07,2026-03-04 11:27:28
VIJAYA,Healthcare,2.49,12.62,9.12,30.07,2026-03-04 11:27:28
VMM,Consumer Services,19.11,105.45,23.11,11.92,2026-03-04 11:27:28
IDEA,Telecommunication,20.02,4.31,1.24,-6.48,2026-03-04 11:27:28
VOLTAS,Consumer Durables,-35.71,147.74,31.9,5.13,2026-03-04 11:27:28
WAAREEENER,Capital Goods,169.56,42.57,70.93,21.95,2026-03-04 11:27:28
WELCORP,Capital Goods,57.72,29.16,27.62,11.54,2026-03-04 11:27:28
WELSPUNLIV,Textiles,-99.83,-98.38,-7.32,28.77,2026-03-04 11:27:28
WHIRLPOOL,Consumer Durables,-49.08,-81.82,-27.07,2.25,2026-03-04 11:27:28
WIPRO,Information Technology,-7.0,-3.92,3.78,14.84,2026-03-04 11:27:28
WOCKPHARMA,Healthcare,368.18,165.56,20.33,12.16,2026-03-04 11:27:28
YESBANK,Financial Services,68.83,18.29,-0.36,,2026-03-04 11:27:28
ZFCVINDIA,Automobile and Auto Components,28.46,14.54,10.18,15.46,2026-03-04 11:27:28
ZEEL,Media Entertainment & Publication,-25.84,8.07,24.95,8.19,2026-03-04 11:27:28
ZENTEC,Capital Goods,-12.61,14.69,12.39,33.91,2026-03-04 11:27:28
ZENSARTECH,Information Technology,28.32,9.78,3.3,16.05,2026-03-04 11:27:28
ZYDUSLIFE,Healthcare,14.37,-28.95,4.85,19.06,2026-03-04 11:27:28
ECLERX,Services,36.88,35.5,14.53,21.48,2026-03-04 11:27:28
